Category,Scope1+2_kton,Scope3_kton,Total_kton,Mass_share_pct,Scope3_share_pct
Red Meat,534.786188692634,790.689967676521,1325.4761563691548,3.877551020408163,30.55921078243623
Staples,262.52255218107325,388.14380903489035,650.6663612159637,30.952380952380953,15.00128869606133
Dairy (Milk & Milkproducts),210.52006117323384,311.257291014285,521.7773521875189,14.965986394557824,12.029717781327651
Ultra-Processed,184.55948511843272,272.8741624375815,457.43364755601425,8.16326530612245,10.546256292481871
Veg & Fruit,173.1921648638829,256.0673969027212,429.2595617666041,20.74829931972789,9.896695135079025
Cheese & Eggs,102.65288272993479,151.77393553498067,254.42681826491545,4.285714285714286,5.865879013139132
