Category,Scope1+2_kton,Scope3_kton,Total_kton,Mass_share_pct,Scope3_share_pct
Red Meat,695.8578633847869,372.0893965536569,930.2234913841422,3.877551020408163,22.68336269187113
Staples,194.59658543713624,300.55762869999694,456.6397753351652,30.952380952380953,18.32263365942929
Dairy (Milk & Milkproducts),228.27197589277566,183.09252412605,366.1850482521,14.965986394557824,11.1617105173876
Ultra-Processed,164.49578933354084,189.08954445865513,321.02842639715476,8.16326530612245,11.527301659019045
Veg & Fruit,100.83139763339018,220.38085282306275,301.255761062025,20.74829931972789,13.434886511764732
Cheese & Eggs,117.92100179798706,83.97542296125036,178.55757121762431,4.285714285714286,5.119320770428452
