Category,Scope1+2_kton,Scope3_kton,Total_kton,Mass_share_pct,Scope3_share_pct
Ultra-Processed,292.4443729312247,270.44534475000006,562.9992322500001,23.083941605839417,27.207717233416517
Dairy (Liquid),235.75763148216254,105.88277699999999,341.728695,20.072992700729927,10.652165816231514
Dairy (Solid) & Eggs,123.24337991908789,152.3823462,275.6718783,5.748175182481752,15.330179894968154
Red Meat,118.03972048547259,131.42792250000002,249.51184650000002,2.281021897810219,13.222093932734927
Beverages & Additions,205.17929385803603,23.990223599999997,229.246353,3.64963503649635,2.413497709411896
"Fats (Solid, Animal)",126.14931960279515,94.77619200000001,220.97275200000004,1.824817518248175,9.534805765577861
