Total_Scope12_tonnes,Total_Scope3_tonnes,Total_Emissions_tonnes,Base_Food_Consumption_tonnes,Food_Waste_tonnes,Retail_Distribution_tonnes,Total_Land_m2,Total_Water_L
1750000.0,1076347.5602111397,2826347.5602111397,1537785.5887521969,169156.41476274168,38444.63971880492,951520956.5627848,610947137025.645
