Category,Scope1+2_kton,Scope3_kton,Total_kton,Mass_share_pct,Scope3_share_pct
Ultra-Processed,325.8192853519565,313.93143669919505,421.5827675806951,23.083941605839417,29.16636301359881
Red Meat,251.39644209557736,169.45151634232496,252.51339385282495,2.281021897810219,15.743196956667493
Dairy (Liquid),174.85755405867707,116.48443549049999,174.2577142845,20.072992700729927,10.82219533880395
Dairy (Solid) & Eggs,174.42402293291178,109.2678913389,166.89793059870001,5.748175182481752,10.151729364952121
Veg & Fruit,71.37780320636082,136.27110138442498,159.85446755092497,27.82846715328467,12.660511011674854
"Fats (Solid, Animal)",203.71834043105378,27.971952657179997,95.28089187078,1.824817518248175,2.5987844160387126
