Parameter,Emission_Change_kton,Uncertainty_kton
Diet Adherence (+20%),406843.51122437406,8136.870224487481
Diet Adherence (-20%),-406843.51122437406,8136.870224487481
Impact Factors (+10%),339036.2593536451,6780.7251870729015
Impact Factors (-10%),-339036.2593536451,6780.7251870729015
Waste Rate (+3%),135614.50374145803,2712.290074829161
Waste Rate (-3%),-135614.50374145803,2712.290074829161
