Parameter,Emission_Change_kton,Uncertainty_kton
Diet Adherence (+20%),329358.921066,6587.178421320001
Diet Adherence (-20%),-329358.921066,6587.178421320001
Impact Factors (+10%),274465.767555,5489.315351100001
Impact Factors (-10%),-274465.767555,5489.315351100001
Waste Rate (+3%),109786.30702200001,2195.72614044
Waste Rate (-3%),-109786.30702200001,2195.72614044
