Parameter,Emission_Change_kton,Uncertainty_kton
Diet Adherence (+20%),198546.11908019276,3970.9223816038552
Diet Adherence (-20%),-198546.11908019276,3970.9223816038552
Impact Factors (+10%),165455.099233494,3309.10198466988
Impact Factors (-10%),-165455.099233494,3309.10198466988
Waste Rate (+3%),66182.03969339759,1323.6407938679517
Waste Rate (-3%),-66182.03969339759,1323.6407938679517
