Label,Value_kton
Baseline,3390362.5935364505
"Diet Adherence
(+20%)",406843.51122437406
"Diet Adherence
(-20%)",-406843.51122437406
"Impact Factors
(+10%)",339036.2593536451
"Impact Factors
(-10%)",-339036.2593536451
Final,3390362.5935364505
