Label,Value_kton
Baseline,1654550.9923349398
"Diet Adherence
(+20%)",198546.11908019276
"Diet Adherence
(-20%)",-198546.11908019276
"Impact Factors
(+10%)",165455.099233494
"Impact Factors
(-10%)",-165455.099233494
Final,1654550.9923349395
