Label,Value_kton
Baseline,2744657.6755500003
"Diet Adherence
(+20%)",329358.921066
"Diet Adherence
(-20%)",-329358.921066
"Impact Factors
(+10%)",274465.767555
"Impact Factors
(-10%)",-274465.767555
Final,2744657.67555
