Label,Value_kton
Baseline,4337403.1018201765
"Diet Adherence
(+20%)",520488.37221842114
"Diet Adherence
(-20%)",-520488.37221842114
"Impact Factors
(+10%)",433740.3101820177
"Impact Factors
(-10%)",-433740.3101820177
Final,4337403.1018201765
