Scenario,Total_kton,Reduction_kton,Reduction_percent
Baseline,4337403.1018201765,0.0,0.0
Diet +20%,4857891.474038597,-520488.3722184207,-11.99999999999999
Diet +20% + Waste -3%,4684395.34996579,-346992.2481456138,-7.999999999999993
Diet +20% + Impact -10% + Waste -3%,4250655.039783773,86748.06203640345,1.9999999999999982
Optimistic (All Favorable),4250655.039783773,86748.06203640345,1.9999999999999982
