Scenario,Total_kton,Reduction_kton,Reduction_percent
Baseline,3390362.5935364505,0.0,0.0
Diet +20%,3797206.1047608247,-406843.5112243742,-12.000000000000004
Diet +20% + Waste -3%,3661591.6010193666,-271229.0074829161,-8.000000000000002
Diet +20% + Impact -10% + Waste -3%,3322555.3416657215,67807.25187072903,2.0000000000000004
Optimistic (All Favorable),3322555.3416657215,67807.25187072903,2.0000000000000004
