Scenario,Total_kton,Reduction_kton,Reduction_percent
Baseline,2744657.6755500003,0.0,0.0
Diet +20%,3074016.5966160004,-329358.9210660001,-12.000000000000004
Diet +20% + Waste -3%,2964230.289594,-219572.61404399993,-7.9999999999999964
Diet +20% + Impact -10% + Waste -3%,2689764.5220390004,54893.153510999866,1.999999999999995
Optimistic (All Favorable),2689764.5220390004,54893.153510999866,1.999999999999995
