Diet,Impact Factors (+10%),Impact Factors (-10%),Diet Adherence (+20%),Diet Adherence (-20%),Waste Rate (+3%),Waste Rate (-3%)
Monitor 2024,165455.099233494,-165455.099233494,198546.11908019276,-198546.11908019276,66182.03969339759,-66182.03969339759
Amsterdam Theoretical,178639.582158933,-178639.582158933,214367.49859071957,-214367.49859071957,71455.83286357319,-71455.83286357319
Metropolitan,271939.3860100995,-271939.3860100995,326327.26321211935,-326327.26321211935,108775.75440403979,-108775.75440403979
Metabolic Balance,240357.4219399185,-240357.4219399185,288428.90632790216,-288428.90632790216,96142.9687759674,-96142.9687759674
Dutch Goal,144333.30446222099,-144333.30446222099,173199.96535466518,-173199.96535466518,57733.321784888394,-57733.321784888394
Amsterdam Goal,120584.5136860455,-120584.5136860455,144701.4164232546,-144701.4164232546,48233.8054744182,-48233.8054744182
EAT-Lancet,115143.815764341,-115143.815764341,138172.57891720918,-138172.57891720918,46057.5263057364,-46057.5263057364
Schijf van Vijf (50-50),150134.335074066,-150134.335074066,180161.2020888792,-180161.2020888792,60053.7340296264,-60053.7340296264
Mediterranean Diet,140686.35771218702,-140686.35771218702,168823.62925462442,-168823.62925462442,56274.54308487481,-56274.54308487481
