Diet,Impact Factors (+10%),Impact Factors (-10%),Diet Adherence (+20%),Diet Adherence (-20%),Waste Rate (+3%),Waste Rate (-3%)
Monitor 2024,433740.3101820177,-433740.3101820177,520488.37221842114,-520488.37221842114,173496.12407280706,-173496.12407280706
Amsterdam Theoretical,330025.81626091804,-330025.81626091804,396030.97951310157,-396030.97951310157,132010.3265043672,-132010.3265043672
Metropolitan,461439.2651410005,-461439.2651410005,553727.1181692006,-553727.1181692006,184575.7060564002,-184575.7060564002
Metabolic Balance,331480.66471518256,-331480.66471518256,397776.79765821906,-397776.79765821906,132592.26588607303,-132592.26588607303
Dutch Goal,273076.0537395903,-273076.0537395903,327691.26448750834,-327691.26448750834,109230.42149583611,-109230.42149583611
Amsterdam Goal,234783.97012245824,-234783.97012245824,281740.76414694986,-281740.76414694986,93913.58804898329,-93913.58804898329
EAT-Lancet,236445.8831953965,-236445.8831953965,283735.0598344758,-283735.0598344758,94578.35327815861,-94578.35327815861
Schijf van Vijf (50-50),296854.5403298422,-296854.5403298422,356225.4483958106,-356225.4483958106,118741.81613193687,-118741.81613193687
Mediterranean Diet,284254.591730284,-284254.591730284,341105.5100763407,-341105.5100763407,113701.83669211357,-113701.83669211357
