Diet,Impact Factors (+10%),Impact Factors (-10%),Diet Adherence (+20%),Diet Adherence (-20%),Waste Rate (+3%),Waste Rate (-3%)
Monitor 2024,274465.767555,-274465.767555,329358.921066,-329358.921066,109786.30702200001,-109786.30702200001
Amsterdam Theoretical,295421.157045,-295421.157045,354505.388454,-354505.388454,118168.462818,-118168.462818
Metropolitan,427249.39950000006,-427249.39950000006,512699.2794,-512699.2794,170899.7598,-170899.7598
Metabolic Balance,356237.275275,-356237.275275,427484.73033,-427484.73033,142494.91011,-142494.91011
Dutch Goal,233344.52190000002,-233344.52190000002,280013.42628,-280013.42628,93337.80876,-93337.80876
Amsterdam Goal,196857.94149,-196857.94149,236229.52978799996,-236229.52978799996,78743.17659599999,-78743.17659599999
EAT-Lancet,198591.85646999997,-198591.85646999997,238310.22776399992,-238310.22776399992,79436.74258799998,-79436.74258799998
Schijf van Vijf (50-50),253499.75437500002,-253499.75437500002,304199.70525,-304199.70525,101399.90175,-101399.90175
Mediterranean Diet,239787.789885,-239787.789885,287745.347862,-287745.347862,95915.11595400001,-95915.11595400001
