diet,co2_pct,land_pct,water_pct
Metropolitan,36.767623141425545,33.995754620435214,29.236622238139233
Monitor 2024,33.33333333333333,33.33333333333333,33.33333333333333
Schijf van Vijf (50-50),30.70675318231441,32.737741814596006,36.555505003089586
Dutch Goal,29.41787554418011,32.607168100284326,37.97495635553556
Mediterranean Diet,29.031402654585413,32.06946176481838,38.89913558059621
Amsterdam Goal,27.769648225598765,31.86946908909069,40.36088268531054
EAT-Lancet,25.64799830801156,30.905244610330495,43.44675708165794
