diet,co2_pct,land_pct,water_pct
Metropolitan,38.88121102840019,36.619231256062854,24.49955771553695
Monitor 2024,33.33333333333333,33.33333333333333,33.33333333333333
Schijf van Vijf (50-50),30.013838655312224,31.039260938937456,38.946900405750306
Mediterranean Diet,28.093060011510616,30.450880533442255,41.456059455047146
Dutch Goal,27.70018262506138,30.463087509315756,41.83672986562285
EAT-Lancet,24.186627114806917,28.301888827016487,47.51148405817661
Amsterdam Goal,25.040447608801703,29.706682088355596,45.25287030284271
