diet,co2_pct,land_pct,water_pct
Metropolitan,35.24237958566615,33.43770117900123,31.319919235332623
Monitor 2024,33.33333333333333,33.33333333333333,33.33333333333333
Schijf van Vijf (50-50),32.37277471699154,30.744636245307174,36.882589037701294
Mediterranean Diet,31.882560487144513,29.37678306134861,38.74065645150688
Dutch Goal,31.55879152246349,30.99717891939724,37.44402955813928
Amsterdam Goal,30.364701960751805,30.24998534404457,39.38531269520363
EAT-Lancet,29.09698113193781,28.716249141422868,42.18676972663933
