diet,co2_change_pct,land_change_pct,water_change_pct
Metropolitan,51.589590000077955,42.77061093004268,-4.481424033609769
Metabolic Balance,8.89627704693362,7.043545638463302,-4.054525834377885
Amsterdam Theoretical,8.418337917443088,4.526033966672305,-6.604538247094495
Schijf van Vijf (50-50),-2.478914436308617,0.8528917817751183,26.54642581806172
Mediterranean Diet,-6.618182995618269,1.2192531689711996,37.8006581044504
Dutch Goal,-10.29049724978508,-1.3425842822960716,35.491967101490374
EAT-Lancet,-22.32404739149338,-9.107782378109176,52.58430894663444
Amsterdam Goal,-22.870010295767486,-8.49699975744868,39.38861936790497
