diet,co2_change_pct,land_change_pct,water_change_pct
Metropolitan,40.518371914248426,42.77061093004268,-4.481424033609769
Schijf van Vijf (50-50),2.4385393273927294,0.8528917817751183,26.54642581806172
Mediterranean Diet,0.9344467244471601,1.2192531689711996,37.8006581044504
Dutch Goal,-2.722887126027397,-1.3425842822960716,35.491967101490374
EAT-Lancet,-11.231694325042033,-9.107782378109176,52.58430894663444
Amsterdam Goal,-12.123570802787318,-8.49699975744868,39.38861936790497
