diet,co2_change_pct,water_change_pct,land_change_pct
Schijf van Vijf (50-50),-8.981034428350549,8.355456259921386,-2.960909692254395
EAT-Lancet,-32.60121808829563,14.171034719803954,-18.786027026175702
Dutch Goal,-14.566568840922708,10.284334254431041,-5.304438214634441
Amsterdam Goal,-27.334406260847615,5.613419382849542,-16.606293508047994
