diet,GHG Emissions,Water Use,Land Use
Metropolitan,47.69054472285633,31.252656231632457,40.12766332655236
Mediterranean Diet,-7.187779151289829,12.776587183173776,-14.4822612846949
Dutch Goal,-7.309289854157066,9.976127824648039,-8.958791260698973
Amsterdam Goal,-18.84889662867952,5.259112569966291,-19.155482217197726
EAT-Lancet,-21.27730607162516,14.137482028049842,-22.30738709006973
Schijf van Vijf (50-50),-5.0129180314063255,8.219624013238178,-9.790145927936669
