diet,GHG Emissions,Water Use,Land Use
Metropolitan,40.518371914248426,-4.481424033609769,42.77061093004268
Amsterdam Theoretical,6.146935385716853,-6.604538247094495,4.526033966672305
Schijf van Vijf (50-50),2.4385393273927294,26.54642581806172,0.8528917817751183
Mediterranean Diet,0.9344467244471601,37.8006581044504,1.2192531689711996
Metabolic Balance,-2.073221988119007,-4.054525834377885,7.043545638463302
Dutch Goal,-2.722887126027397,35.491967101490374,-1.3425842822960716
EAT-Lancet,-11.231694325042033,52.58430894663444,-9.107782378109176
Amsterdam Goal,-12.123570802787318,39.38861936790497,-8.49699975744868
