diet,GHG Emissions,Water Use,Land Use
Metropolitan,64.38511786424314,30.714611985726798,51.99231423441586
Metabolic Balance,35.36242860298529,33.60137124456729,35.209626106403775
Amsterdam Theoretical,7.999621319700857,0.985921225798634,7.118782877122273
Schijf van Vijf (50-50),-8.981034428350549,8.355456259921386,-2.960909692254395
Dutch Goal,-14.566568840922708,10.284334254431041,-5.304438214634441
Mediterranean Diet,-15.775190129066848,12.852704273380649,-6.961287680725717
Amsterdam Goal,-27.334406260847615,5.613419382849542,-16.606293508047994
EAT-Lancet,-32.60121808829563,14.171034719803954,-18.786027026175702
