Neighborhood,Population,Avg_Income,High_Education_Pct,Est_Total_CO2_Tonnes,Per_Capita_CO2_kg
Centrum,91014,64393,0.64,142591.61380454045,1566.6997803034749
Zuid,147015,69946,0.61,230328.36820131537,1566.6997803034749
West,149607,51909,0.56,234389.25403186196,1566.6997803034749
Oost,147971,56552,0.55,231826.13319128548,1566.6997803034749
Westpoort,1795,20543,0.53,2812.2261056447373,1566.6997803034749
Weesp,26725,62476,0.46,41870.05162861037,1566.6997803034749
Noord,110557,48433,0.37,173209.62761101127,1566.6997803034749
Nieuw-West,166462,47493,0.34,260795.97882887704,1566.6997803034749
Zuidoost,93228,41339,0.29,146060.28711813234,1566.6997803034749
