Neighborhood,Population,Avg_Income,High_Education_Pct,Est_Total_CO2_Tonnes,Per_Capita_CO2_kg
Centrum,91014,64393,0.64,94463.02728719659,1037.895568672914
Zuid,147015,69946,0.61,152586.21702844845,1037.895568672914
West,149607,51909,0.56,155276.44234244863,1037.895568672914
Oost,147971,56552,0.55,153578.44519209975,1037.895568672914
Westpoort,1795,20543,0.53,1863.0225457678805,1037.895568672914
Weesp,26725,62476,0.46,27737.75907278362,1037.895568672914
Noord,110557,48433,0.37,114746.62038577134,1037.895568672914
Nieuw-West,166462,47493,0.34,172770.1721524306,1037.895568672914
Zuidoost,93228,41339,0.29,96760.92807623843,1037.895568672914
