Neighborhood,Population,Avg_Income,High_Education_Pct,Est_Total_CO2_Tonnes,Per_Capita_CO2_kg
Centrum,91014,64393,0.64,151503.5896673242,1664.6185165724419
Zuid,147015,69946,0.61,244723.89121389756,1664.6185165724419
West,149607,51909,0.56,249038.5824088533,1664.6185165724419
Oost,147971,56552,0.55,246315.2665157408,1664.6185165724419
Westpoort,1795,20543,0.53,2987.990237247533,1664.6185165724419
Weesp,26725,62476,0.46,44486.929855398506,1664.6185165724419
Noord,110557,48433,0.37,184035.22933669944,1664.6185165724419
Nieuw-West,166462,47493,0.34,277095.7275056818,1664.6185165724419
Zuidoost,93228,41339,0.29,155189.0550630156,1664.6185165724419
