,8. Schijf van 5 (Guideline),6. Amsterdam Goal (70:30),7. EAT-Lancet (Planetary),5. Dutch Goal (60:40)
1. Monitor 2024 (Current),9.440971278427124,32.54565398013259,30.63242465543045,17.936251820922163
3. Metropolitan (High Risk),44.06360886856708,58.33488128408468,57.1531201130401,49.31096346042407
9. Mediterranean Diet,-6.622689915483834,20.58037811734211,18.327773822610624,3.379511696156411
