,1. Monitor 2024 (Current),2. Amsterdam Theoretical,3. Metropolitan (High Risk),4. Metabolic Balance,5. Dutch Goal (60:40),6. Amsterdam Goal (70:30),7. EAT-Lancet (Planetary),8. Schijf van 5 (Guideline),9. Mediterranean Diet
1. Monitor 2024 (Current),0.0,-6.648544651576328,-59.142022183678556,-41.18738066434437,12.630267166115223,26.413808683991874,26.46227171362357,8.632978180705136,11.72513810141525
2. Amsterdam Theoretical,6.234069741220851,0.0,-49.22099753315888,-32.38566088792617,18.076957243697933,31.001223170540023,31.04666498110577,14.328862041396452,17.228254556139415
3. Metropolitan (High Risk),37.16304554394691,32.98530256924554,0.0,11.282149914251626,45.09952077079656,53.76067847681588,53.791131168673566,42.58774611155759,44.53076523264254
4. Metabolic Balance,29.172140222830752,24.46311833978978,-12.716888318807435,0.0,38.11788814072868,47.88047559933827,47.91480092600957,35.286693903254196,37.47680459598059
5. Dutch Goal (60:40),-14.4561128395906,-22.065778608189373,-82.14777248575744,-61.5975877284443,0.0,15.776105832992721,15.831574732873454,-4.575141591665495,-1.0359755436369302
6. Amsterdam Goal (70:30),-35.89506157556187,-44.93010542370025,-116.2661490391043,-91.86667789073371,-18.73115223301161,0.0,0.0658588639593727,-24.163270561087803,-19.961177932823944
7. EAT-Lancet (Planetary),-35.98461950112478,-45.02561764793324,-116.40867333287088,-91.9931223800133,-18.8093987533075,-0.06590226644337578,0.0,-24.24509697047778,-20.040235067933846
8. Schijf van 5 (Guideline),-9.448680726158928,-16.72542513479882,-74.17884376096737,-54.52772548894491,4.374980059343403,19.46088440800178,19.513926554573597,0.0,3.3843282391602636
9. Mediterranean Diet,-13.282533497345787,-20.81417331935373,-80.28011458857912,-59.94064179511101,1.0253531359129575,16.63969817302214,16.69459832079849,-3.5028770979699373,0.0
