,1. Monitor 2024 (Current),2. Amsterdam Theoretical,3. Metropolitan (High Risk),4. Metabolic Balance,5. Dutch Goal (60:40),6. Amsterdam Goal (70:30),7. EAT-Lancet (Planetary),8. Schijf van 5 (Guideline),9. Mediterranean Diet
1. Monitor 2024 (Current),0.0,-8.418337917443065,-51.58959000007789,-8.896277046933529,10.290497249785089,22.870010295767507,22.32404739149341,2.478914436308662,6.618182995618296
2. Amsterdam Theoretical,7.76468084564564,0.0,-39.81914214134908,-0.4408286814490716,17.256153826554975,28.8589078325805,28.355337205358904,10.051115487538299,13.868983053873386
3. Metropolitan (High Risk),34.03240948145013,28.479034795603468,0.0,28.163749867733284,40.820802569510995,49.11920422491224,48.75904565183752,35.66768960609945,38.3982653397679
4. Metabolic Balance,8.169496045396755,0.438893911207336,-39.20548443978837,0.0,17.61931152930899,29.171141754469705,28.669781268069617,10.445895664862412,14.247006842910896
5. Dutch Goal (60:40),-11.470911034294454,-20.854909004813692,-68.97829700623855,-21.38767210664609,0.0,14.022497796034525,13.413907972730895,-8.707642528380543,-4.0935621551619805
6. Amsterdam Goal (70:30),-29.65125547593911,-40.56573627611107,-96.53780660592962,-41.18539035790623,-16.309496596875753,0.0,-0.7078477598242647,-26.43731178709063,-21.07069813242487
7. EAT-Lancet (Planetary),-28.7399724648483,-39.57773838176239,-95.15639642567672,-40.19303708546715,-15.491989138979006,0.7028724926307569,0.0,-25.54861870211738,-20.219725498616036
8. Schijf van 5 (Guideline),-2.5419266223094645,-11.174252512431988,-55.44288614493964,-11.664340503893403,8.010147516635936,20.90942255369107,20.3495816730053,0.0,4.244485728787611
9. Mediterranean Diet,-7.087228764576035,-16.10219354840334,-62.33309102666629,-16.614005317356213,3.9325795663137284,17.403631479334607,16.818974935064883,-4.432627991288078,0.0
