,8. Schijf van 5 (Guideline),6. Amsterdam Goal (70:30),7. EAT-Lancet (Planetary),5. Dutch Goal (60:40)
1. Monitor 2024 (Current),2.478914436308662,22.870010295767507,22.32404739149341,10.290497249785089
3. Metropolitan (High Risk),35.66768960609945,49.11920422491224,48.75904565183752,40.820802569510995
9. Mediterranean Diet,-4.432627991288078,17.403631479334607,16.818974935064883,3.9325795663137284
