,8. Schijf van 5 (Guideline),6. Amsterdam Goal (70:30),7. EAT-Lancet (Planetary),5. Dutch Goal (60:40)
1. Monitor 2024 (Current),-2.4385393273926677,12.123570802787336,11.231694325042032,2.7228871260274645
3. Metropolitan (High Risk),27.099540129951116,37.46267623223002,36.82797169815701,30.7726729616992
9. Mediterranean Diet,-1.4901677789463437,12.937126968044065,12.053507443997788,3.623474412515722
