,1. Monitor 2024 (Current),2. Amsterdam Theoretical,3. Metropolitan (High Risk),4. Metabolic Balance,5. Dutch Goal (60:40),6. Amsterdam Goal (70:30),7. EAT-Lancet (Planetary),8. Schijf van 5 (Guideline),9. Mediterranean Diet
1. Monitor 2024 (Current),0.0,-6.146935385716829,-40.51837191424836,2.073221988118977,2.7228871260274645,12.123570802787336,11.231694325042032,-2.4385393273926677,-0.9344467244471922
2. Amsterdam Theoretical,5.7909683057547445,0.0,-32.38099753293166,7.744130665633812,8.356173901312482,17.21246696582693,16.372238772234336,3.4936440179347517,4.910635094954452
3. Metropolitan (High Risk),28.834928388563156,24.460457419409025,0.0,30.310338301072083,30.7726729616992,37.46267623223002,36.82797169815701,27.099540129951116,28.16992870793959
4. Metabolic Balance,-2.1171144708421243,-8.39418751512328,-43.493306700236666,0.0,0.6634192925551647,10.263126203793812,9.352367680076124,-4.607280467212198,-3.0713445021148984
5. Dutch Goal (60:40),-2.799103556409105,-9.118098029117704,-44.451626659908264,-0.6678499378884343,0.0,9.663818547882826,8.746977523930177,-5.305900124839255,-3.759706412353047
6. Amsterdam Goal (70:30),-13.796157756455449,-20.791134045173155,-59.904508180340855,-11.436910792214055,-10.69761682699102,0.0,-1.0149211636077653,-16.571121816408414,-14.859522225157406
7. EAT-Lancet (Planetary),-12.652820440404728,-19.577516523064006,-58.29790919833832,-10.317277396798067,-9.58541129552611,1.0047240070246244,0.0,-15.399903770261043,-13.705501031007467
8. Schijf van 5 (Guideline),2.380490139164438,-3.6201180558345927,-37.173345927115264,4.404359282293254,5.038559205656241,14.215460534476804,13.344815088337752,0.0,1.4682878268484565
9. Mediterranean Diet,0.925795657252918,-5.164231667608802,-39.21745892942374,2.9798238462406768,3.623474412515722,12.937126968044065,12.053507443997788,-1.4901677789463437,0.0
