,1. Monitor 2024 (Current),2. Amsterdam Theoretical,3. Metropolitan (High Risk),4. Metabolic Balance,5. Dutch Goal (60:40),6. Amsterdam Goal (70:30),7. EAT-Lancet (Planetary),8. Schijf van 5 (Guideline),9. Mediterranean Diet
1. Monitor 2024 (Current),0.0,-10.018995120861076,-78.44984915639314,-55.07095236321648,19.37129874483222,34.73872397482218,39.1187753733845,12.276062423181504,20.79779507616672
2. Amsterdam Theoretical,9.106604827516136,0.0,-62.19912657842177,-40.94925352923256,26.71383594569889,40.68181048782965,44.662987914282816,20.2647347574393,28.010426893259744
3. Metropolitan (High Risk),43.9618467189848,38.34738687593923,0.0,13.10110202037068,54.817164802137256,63.42878610786443,65.88328602437802,50.84112539656036,55.61654700283854
4. Metabolic Balance,35.51339017653415,29.05247988471239,-15.076257956046598,0.0,48.00528401585205,57.91521556382852,60.73976221928666,43.42980665305632,48.925183139185776
5. Dutch Goal (60:40),-24.025314116777544,-36.451404286770114,-121.32298595713229,-92.32723577235771,0.0,19.059497413155967,24.4918699186992,-8.799889135254992,1.769216555801925
6. Amsterdam Goal (70:30),-53.23022486017584,-68.58235361260131,-173.4391051249858,-137.61556899897275,-23.547540235133006,0.0,6.71156260700833,-34.41958680515926,-21.361716699006987
7. EAT-Lancet (Planetary),-64.25425180472291,-80.71087727884498,-193.11146457849017,-154.71063257065953,-32.43606998654108,-7.1944206533708535,0.0,-44.0902973204454,-30.092989110485767
8. Schijf van 5 (Guideline),-13.993971044028369,-25.415021441005365,-103.42206937545109,-76.77153653462402,8.0881416380079,25.606079904895363,30.599074427886062,0.0,9.71426145289348
9. Mediterranean Diet,-26.259111215612524,-38.909005407947305,-125.30919351046319,-95.79120620738301,-1.8010815894662628,17.601692922642854,23.131906889254658,-10.759463907829774,0.0
