,8. Schijf van 5 (Guideline),6. Amsterdam Goal (70:30),7. EAT-Lancet (Planetary),5. Dutch Goal (60:40)
1. Monitor 2024 (Current),8.632978180705136,26.413808683991874,26.46227171362357,12.630267166115223
3. Metropolitan (High Risk),42.58774611155759,53.76067847681588,53.791131168673566,45.09952077079656
9. Mediterranean Diet,-3.5028770979699373,16.63969817302214,16.69459832079849,1.0253531359129575
