,8. Schijf van 5 (Guideline),6. Amsterdam Goal (70:30),7. EAT-Lancet (Planetary),5. Dutch Goal (60:40)
1. Monitor 2024 (Current),2.4789144363086555,22.870010295767504,22.324047391493394,10.290497249785101
3. Metropolitan (High Risk),35.66768960609944,49.11920422491223,48.75904565183751,40.820802569511
9. Mediterranean Diet,-4.432627991288084,17.403631479334607,16.81897493506487,3.932579566313742
