,8. Schijf van 5 (Guideline),6. Amsterdam Goal (70:30),7. EAT-Lancet (Planetary),5. Dutch Goal (60:40)
1. Monitor 2024 (Current),12.276062423181504,34.73872397482218,39.1187753733845,19.37129874483222
3. Metropolitan (High Risk),50.84112539656036,63.42878610786443,65.88328602437802,54.817164802137256
9. Mediterranean Diet,-10.759463907829774,17.601692922642854,23.131906889254658,-1.8010815894662628
