,8. Schijf van 5 (Guideline),6. Amsterdam Goal (70:30),7. EAT-Lancet (Planetary),5. Dutch Goal (60:40)
1. Monitor 2024 (Current),10.268890726851932,29.233776217094466,32.068676887105504,14.180458955609456
3. Metropolitan (High Risk),46.56368354045885,57.85757738490754,59.54580625626741,48.89308523200266
9. Mediterranean Diet,-7.302242510896651,15.376344197206745,18.76637471897203,-2.624711539977747
