diet,scope12_current,scope3_current,scope12_goal_avg,scope3_goal_avg,total_current,total_goal_avg,reduction_pct
1. Monitor 2024 (Current),6707175.489763622,2587403.101820177,1496409.8214915732,2212465.950697985,9294578.5915838,3708875.7721895585,60.09635363621618
3. Metropolitan (High Risk),2652817.825001363,3922233.753698504,1496409.8214915732,2212465.950697985,6575051.578699867,3708875.7721895585,43.59168551309005
9. Mediterranean Diet,1634181.7975766798,2416164.0297074136,1496409.8214915732,2212465.950697985,4050345.8272840935,3708875.7721895585,8.430639497356287
