diet,scope12_current,scope3_current,scope12_goal_avg,scope3_goal_avg,total_current,total_goal_avg,reduction_pct
1. Monitor 2024 (Current),1750000.0000000002,1640362.5935364505,1320917.5768399555,1543418.7516108193,3390362.5935364505,2864336.328450775,15.515339453323293
3. Metropolitan (High Risk),2879239.1090917555,2305010.8099277597,1320917.5768399555,1543418.7516108193,5184249.919019515,2864336.328450775,44.749262223212796
9. Mediterranean Diet,1479720.3728066918,1655690.908060809,1320917.5768399555,1543418.7516108193,3135411.2808675007,2864336.328450775,8.645594728539898
