diet,scope12_current,scope3_current,scope12_goal_avg,scope3_goal_avg,total_current,total_goal_avg,reduction_pct
1. Monitor 2024 (Current),1510962.3585,994002.3355500001,1206047.9686499997,731822.1411375,2504964.69405,1937870.1097874995,22.638825433728094
3. Metropolitan (High Risk),2281653.1206,1773795.6683999998,1206047.9686499997,731822.1411375,4055448.789,1937870.1097874995,52.21564343152899
9. Mediterranean Diet,1340297.6075999998,787271.76675,1206047.9686499997,731822.1411375,2127569.3743499997,1937870.1097874995,8.916243430156339
