,1. Monitor 2024 (Current),2. Amsterdam Theoretical,3. Metropolitan (High Risk),4. Metabolic Balance,5. Dutch Goal (60:40),6. Amsterdam Goal (70:30),7. EAT-Lancet (Planetary),8. Schijf van 5 (Guideline),9. Mediterranean Diet
1. Monitor 2024 (Current),0.0,-8.46839551446705,-67.92158445481026,-51.09822014944573,14.180458955609456,29.233776217094466,32.068676887105504,10.268890726851932,16.37536441604584
2. Amsterdam Theoretical,7.807246962860781,0.0,-54.81153165247438,-39.301608945891424,20.8806024673387,34.75867007411662,37.3722430476681,17.27442003032107,22.904146237877498
3. Metropolitan (High Risk),40.44839421646166,35.4053287034954,0.0,10.018583590659189,48.89308523200266,57.85757738490754,59.54580625626741,46.56368354045885,50.20018667912309
4. Metabolic Balance,33.81788355872514,28.213320178632863,-11.134058553916226,0.0,43.20281141663378,53.16541537490431,55.0416126373255,40.61405277679756,44.65544630423569
5. Dutch Goal (60:40),-16.523578176996484,-26.39125564463376,-95.66823873825201,-76.06505267988965,0.0,17.540663907417787,20.843991605878294,-4.557899262982833,2.557582380102753
6. Amsterdam Goal (70:30),-41.31035210636214,-53.2770716256149,-137.29058225567465,-113.51742691962798,-21.271895625892252,0.0,4.006008118658218,-26.799346462830105,-18.17026699134783
7. EAT-Lancet (Planetary),-47.20749636189308,-59.67360938076287,-147.193160327148,-122.4279069293805,-26.332797760714545,-4.173186300669782,0.0,-32.090919418755746,-23.101732384895666
8. Schijf van 5 (Guideline),-11.444069743518577,-20.881594346818236,-87.13864769424019,-68.39000584456353,4.359210824921852,21.135240212524323,24.2945688923709,0.0,6.805302797054871
9. Mediterranean Diet,-19.581985980203104,-29.70866151706124,-100.80396558048612,-80.6862524354466,-2.624711539977747,15.376344197206745,18.76637471897203,-7.302242510896651,0.0
