,1. Monitor 2024 (Current),2. Amsterdam Theoretical,3. Metropolitan (High Risk),4. Metabolic Balance,5. Dutch Goal (60:40),6. Amsterdam Goal (70:30),7. EAT-Lancet (Planetary),8. Schijf van 5 (Guideline),9. Mediterranean Diet
1. Monitor 2024 (Current),0.0,23.911656695587325,-6.386068877794431,23.576237455062035,37.04157826027402,45.86992156114521,45.48676301352466,31.55938395366846,34.464336134449326
2. Amsterdam Theoretical,-31.426176017424982,0.0,-39.81914214134909,-0.4408286814490749,17.25615382655498,28.858907832580492,28.3553372053589,10.051115487538299,13.868983053873391
3. Metropolitan (High Risk),6.002730381108547,28.479034795603475,0.0,28.163749867733284,40.820802569511,49.11920422491223,48.75904565183752,35.66768960609945,38.39826533976791
4. Metabolic Balance,-30.849354533151864,0.4388939112073393,-39.20548443978837,0.0,17.619311529308995,29.171141754469698,28.66978126806961,10.445895664862416,14.247006842910903
5. Dutch Goal (60:40),-58.83498543436525,-20.854909004813695,-68.97829700623856,-21.387672106646097,0.0,14.02249779603451,13.413907972730884,-8.707642528380548,-4.093562155161978
6. Amsterdam Goal (70:30),-84.7401719784311,-40.56573627611105,-96.5378066059296,-41.185390357906215,-16.309496596875732,0.0,-0.7078477598242623,-26.43731178709061,-21.070698132424848
7. EAT-Lancet (Planetary),-83.44168412675597,-39.57773838176238,-95.1563964256767,-40.19303708546714,-15.49198913897899,0.7028724926307546,0.0,-25.54861870211737,-20.219725498616018
8. Schijf van 5 (Guideline),-46.11206879304538,-11.174252512431988,-55.44288614493964,-11.664340503893408,8.01014751663594,20.909422553691062,20.34958167300529,0.0,4.244485728787616
9. Mediterranean Diet,-52.58867325301602,-16.102193548403346,-62.333091026666295,-16.614005317356227,3.932579566313726,17.403631479334592,16.81897493506487,-4.432627991288085,0.0
