,1. Monitor 2024 (Current),2. Amsterdam Theoretical,3. Metropolitan (High Risk),4. Metabolic Balance,5. Dutch Goal (60:40),6. Amsterdam Goal (70:30),7. EAT-Lancet (Planetary),8. Schijf van 5 (Guideline),9. Mediterranean Diet
1. Monitor 2024 (Current),0.0,-8.418337917443088,-51.58959000007788,-8.89627704693354,10.290497249785101,22.870010295767504,22.324047391493394,2.4789144363086555,6.618182995618295
2. Amsterdam Theoretical,7.764680845645658,0.0,-39.81914214134905,-0.4408286814490607,17.256153826555,28.85890783258051,28.355337205358904,10.051115487538311,13.868983053873402
3. Metropolitan (High Risk),34.032409481450124,28.479034795603454,0.0,28.163749867733273,40.820802569511,49.11920422491223,48.75904565183751,35.66768960609944,38.3982653397679
4. Metabolic Balance,8.169496045396764,0.43889391120732524,-39.20548443978835,0.0,17.61931152930901,29.17114175446971,28.669781268069606,10.445895664862414,14.247006842910901
5. Dutch Goal (60:40),-11.470911034294469,-20.85490900481373,-68.97829700623856,-21.387672106646114,0.0,14.02249779603451,13.413907972730868,-8.707642528380566,-4.093562155161996
6. Amsterdam Goal (70:30),-29.651255475939102,-40.56573627611109,-96.5378066059296,-41.185390357906236,-16.309496596875732,0.0,-0.7078477598242822,-26.437311787090636,-21.070698132424866
7. EAT-Lancet (Planetary),-28.73997246484828,-39.57773838176239,-95.15639642567666,-40.19303708546713,-15.491989138978967,0.7028724926307741,0.0,-25.548618702117366,-20.21972549861601
8. Schijf van 5 (Guideline),-2.541926622309458,-11.174252512432002,-55.44288614493962,-11.664340503893406,8.010147516635953,20.909422553691073,20.349581673005286,0.0,4.244485728787615
9. Mediterranean Diet,-7.087228764576034,-16.10219354840336,-62.333091026666274,-16.614005317356224,3.932579566313742,17.403631479334607,16.81897493506487,-4.432627991288084,0.0
