,8. Schijf van 5 (Guideline),6. Amsterdam Goal (70:30),7. EAT-Lancet (Planetary),5. Dutch Goal (60:40)
1. Monitor 2024 (Current),31.55938395366846,45.86992156114521,45.48676301352466,37.04157826027402
3. Metropolitan (High Risk),35.66768960609945,49.11920422491223,48.75904565183752,40.820802569511
9. Mediterranean Diet,-4.432627991288085,17.403631479334592,16.81897493506487,3.932579566313726
