,1. Monitor 2024 (Current),2. Amsterdam Theoretical,3. Metropolitan (High Risk),4. Metabolic Balance,5. Dutch Goal (60:40),6. Amsterdam Goal (70:30),7. EAT-Lancet (Planetary),8. Schijf van 5 (Guideline),9. Mediterranean Diet
1. Monitor 2024 (Current),0.0,-8.60201372944775,-61.89644503305129,-39.851640227551805,17.936251820922163,32.54565398013259,30.63242465543045,9.440971278427124,15.06589376674334
2. Amsterdam Theoretical,7.920676085139008,0.0,-49.07315202862818,-28.774444805373463,24.436255497511077,37.88849423371515,36.126805606588555,16.613858609310913,21.79324920728746
3. Metropolitan (High Risk),38.232121168821884,32.918839751375295,0.0,13.616608320830656,49.31096346042407,58.33488128408468,57.1531201130401,44.06360886856708,47.538004175497925
4. Metabolic Balance,28.495654511244506,22.344840895150007,-15.76299339044613,0.0,41.32085398100989,51.767211374773424,50.39916926844622,35.24635923166522,39.26842324118554
5. Dutch Goal (60:40),-21.85648623041448,-32.33859790617734,-97.2813192492307,-70.41829471689546,0.0,17.802504130484138,15.47111010187222,-10.352050364500545,-3.4977174670540077
6. Amsterdam Goal (70:30),-48.24841674478155,-61.00076590685658,-140.00891652758406,-107.32784242895357,-21.6582073969074,0.0,-2.8363321825678,-34.25232629918378,-25.91346776713382
7. EAT-Lancet (Planetary),-44.15957239858827,-56.560198608628,-133.38922288816224,-101.60952654445072,-18.30274846921288,2.7581032134950045,0.0,-30.549508573334194,-22.440644366425506
8. Schijf van 5 (Guideline),-10.425212606303171,-19.92400455546924,-78.77449362979364,-54.43147105467629,9.38093160055205,25.513394995370014,23.40070744592154,0.0,6.21133261666294
9. Mediterranean Diet,-17.738332025732394,-27.866199511408674,-90.61417399087127,-64.65898851454767,3.379511696156411,20.58037811734211,18.327773822610624,-6.622689915483834,0.0
