Diet,Scope 1+2,Scope 3,Total
Monitor 2024,6707175.489763622,2587403.101820177,9294578.5915838
Metropolitan,692158.897711501,3922233.753698504,4614392.651410005
Dutch Goal,409614.0806093854,2321146.4567865175,2730760.537395903
Amsterdam Goal,352175.9551836874,1995663.7460408946,2347839.7012245823
EAT-Lancet,354668.8247930948,2009790.0071608701,2364458.831953965
Schijf van Vijf (50-50),445281.81049476337,2523263.5928036585,2968545.4032984218
Mediterranean Diet,426381.88759542606,2416164.0297074136,2842545.9173028395
