Diet,Scope 1+2,Scope 3,Total
Monitor 2024,1750000.0000000002,1640362.5935364505,3390362.5935364505
Metropolitan,2309381.8414822454,2305010.8099277597,4614392.651410005
Dutch Goal,1135063.1657390264,1595697.3716568763,2730760.537395903
Amsterdam Goal,906347.6281379621,1441492.0730866203,2347839.7012245823
EAT-Lancet,908336.7507458609,1456122.0812081047,2364458.8319539656
Schijf van Vijf (50-50),1288181.922806747,1680363.4804916752,2968545.403298422
Mediterranean Diet,1186855.009242031,1655690.908060809,2842545.91730284
