Diet,Scope1+2_share_pct,Scope3_share_pct
Monitor 2024,72.16223332424066,27.83776667575934
Metropolitan,15.000000000000005,85.0
Dutch Goal,15.0,85.0
Amsterdam Goal,15.000000000000002,84.99999999999999
EAT-Lancet,15.000000000000002,84.99999999999999
Schijf van Vijf (50-50),15.000000000000002,85.0
Mediterranean Diet,15.000000000000005,85.0
