Diet,Scope1+2_share_pct,Scope3_share_pct
Monitor 2024,28.468992008916594,71.53100799108341
Amsterdam Theoretical,29.40169234384434,70.59830765615564
Metropolitan,31.78709628568103,68.21290371431897
Metabolic Balance,33.095983653520726,66.90401634647928
Dutch Goal,24.860047626997687,75.13995237300232
Amsterdam Goal,22.627263780086054,77.37273621991395
EAT-Lancet,22.489153873721243,77.51084612627875
Schijf van Vijf (50-50),26.284259157403174,73.71574084259682
Mediterranean Diet,25.004369322580438,74.99563067741954
