Diet,Scope12_kton,Scope3_kton,Land_hectares,Water_m3,Total_Emissions_kton
1. Monitor 2024 (Current),501297.44411880005,1076347.5602111397,951520956.5627848,610947137025.645,1577645.0043299398
2. Amsterdam Theoretical,563337.2147529001,1147909.0083579298,1032828661.3490999,628674734615.4451,1711246.22311083
3. Metropolitan (High Risk),936285.2152982998,1712921.273044695,1495318934.6647644,920823189674.43,2649206.488342995
4. Metabolic Balance,864126.5947125,1519666.927106685,1129322485.1326947,1091541523278.15,2383793.521819185
5. Dutch Goal (60:40),413525.7143051999,940401.9877205099,803703384.5358,671189592552.0449,1353927.7020257097
6. Amsterdam Goal (70:30),324396.6193818,792043.174882155,668275520.6473498,625525340618.85,1116439.794263955
7. EAT-Lancet (Planetary),280193.5812207,791521.5442451099,659137179.4119,726270650196.1051,1071715.1254658098
8. Schijf van 5 (Guideline),432211.6525881,983426.71018956,800624587.166775,661364895215.22,1415638.36277766
9. Mediterranean Diet,369155.5633542001,950144.3223251699,736087503.4631997,693011794540.9049,1319299.88567937
