Diet,Scope12_kton,Scope3_kton,Land_hectares,Water_m3,Total_Emissions_kton
1. Monitor 2024 (Current),6707175.489763622,2587403.101820177,3002739424.7489243,76842915882.96504,9294578.5915838
2. Amsterdam Theoretical,495038.7243913772,2805219.438217803,3138644431.043721,71767796113.29196,3300258.16260918
3. Metropolitan (High Risk),692158.897711501,3922233.753698504,4287029421.3512893,73399258982.45927,4614392.651410005
4. Metabolic Balance,497220.9970727741,2817585.6500790515,3214238746.535246,73727300006.60095,3314806.6471518255
5. Dutch Goal (60:40),409614.0806093854,2321146.4567865175,2962425117.1939383,104115978307.97282,2730760.537395903
6. Amsterdam Goal (70:30),352175.9551836874,1995663.7460408946,2747596663.111193,107110279531.30548,2347839.7012245823
7. EAT-Lancet (Planetary),354668.8247930948,2009790.0071608701,2729256452.5611057,117250232174.46576,2364458.831953965
8. Schijf van 5 (Guideline),445281.81049476337,2523263.5928036585,3028349542.53073,97241963544.27187,2968545.4032984218
9. Mediterranean Diet,426381.88759542606,2416164.0297074136,3039350420.341124,105890043793.37498,2842545.9173028395
