Diet,Scope12_kton,Scope3_kton,Land_hectares,Water_m3,Total_Emissions_kton
1. Monitor 2024 (Current),1750000.0000000002,1640362.5935364505,3002739424.7489243,76842915882.96504,3390362.5935364505
2. Amsterdam Theoretical,1559063.540356576,1741194.622252605,3138644431.043721,71767796113.29196,3300258.162609181
3. Metropolitan (High Risk),2309381.8414822454,2305010.8099277597,4287029421.3512893,73399258982.45927,4614392.651410005
4. Metabolic Balance,1708452.411589452,1606354.2355623741,3214238746.535246,73727300006.60095,3314806.647151826
5. Dutch Goal (60:40),1135063.1657390264,1595697.3716568763,2962425117.1939383,104115978307.97282,2730760.537395903
6. Amsterdam Goal (70:30),906347.6281379621,1441492.0730866203,2747596663.111193,107110279531.30548,2347839.7012245823
7. EAT-Lancet (Planetary),908336.7507458609,1456122.0812081047,2729256452.5611057,117250232174.46576,2364458.8319539656
8. Schijf van 5 (Guideline),1288181.922806747,1680363.4804916752,3028349542.53073,97241963544.27187,2968545.403298422
9. Mediterranean Diet,1186855.009242031,1655690.908060809,3039350420.341124,105890043793.37498,2842545.91730284
