Parameter,Emission_Change_kton,Absolute_Impact_kton,Baseline_Emissions_kton
Impact Factors (+10%),274465.767555,274465.767555,2744657.6755500003
Impact Factors (-10%),-274465.767555,274465.767555,2744657.6755500003
Diet Adherence (+20%),329358.921066,329358.921066,2744657.6755500003
Diet Adherence (-20%),-329358.921066,329358.921066,2744657.6755500003
Waste Rate (+3%),109786.30702200001,109786.30702200001,2744657.6755500003
Waste Rate (-3%),-109786.30702200001,109786.30702200001,2744657.6755500003
