Parameter,Emission_Change_kton,Absolute_Impact_kton,Baseline_Emissions_kton
Impact Factors (+10%),339036.2593536451,339036.2593536451,3390362.5935364505
Impact Factors (-10%),-339036.2593536451,339036.2593536451,3390362.5935364505
Diet Adherence (+20%),406843.51122437406,406843.51122437406,3390362.5935364505
Diet Adherence (-20%),-406843.51122437406,406843.51122437406,3390362.5935364505
Waste Rate (+3%),135614.50374145803,135614.50374145803,3390362.5935364505
Waste Rate (-3%),-135614.50374145803,135614.50374145803,3390362.5935364505
