Parameter,Emission_Change_kton,Absolute_Impact_kton,Baseline_Emissions_kton
Impact Factors (+10%),165455.099233494,165455.099233494,1654550.9923349398
Impact Factors (-10%),-165455.099233494,165455.099233494,1654550.9923349398
Diet Adherence (+20%),198546.11908019276,198546.11908019276,1654550.9923349398
Diet Adherence (-20%),-198546.11908019276,198546.11908019276,1654550.9923349398
Waste Rate (+3%),66182.03969339759,66182.03969339759,1654550.9923349398
Waste Rate (-3%),-66182.03969339759,66182.03969339759,1654550.9923349398
