Parameter,Emission_Change_kton,Absolute_Impact_kton,Baseline_Emissions_kton
Impact Factors (+10%),433740.3101820177,433740.3101820177,4337403.1018201765
Impact Factors (-10%),-433740.3101820177,433740.3101820177,4337403.1018201765
Diet Adherence (+20%),520488.37221842114,520488.37221842114,4337403.1018201765
Diet Adherence (-20%),-520488.37221842114,520488.37221842114,4337403.1018201765
Waste Rate (+3%),173496.12407280706,173496.12407280706,4337403.1018201765
Waste Rate (-3%),-173496.12407280706,173496.12407280706,4337403.1018201765
