Parameter,Emission_Change_kton,Uncertainty_kton
Diet Adherence (+20%),427568.62573344505,8551.372514668901
Diet Adherence (-20%),-427568.62573344505,8551.372514668901
Impact Factors (+10%),356307.18811120425,7126.143762224085
Impact Factors (-10%),-356307.18811120425,7126.143762224085
Waste Rate (+3%),142522.8752444817,2850.457504889634
Waste Rate (-3%),-142522.8752444817,2850.457504889634
