Parameter,Emission_Change_kton,Uncertainty_kton
Diet Adherence (+20%),427568.625733445,8551.3725146689
Diet Adherence (-20%),-427568.625733445,8551.3725146689
Impact Factors (+10%),356307.1881112042,7126.143762224084
Impact Factors (-10%),-356307.1881112042,7126.143762224084
Waste Rate (+3%),142522.8752444817,2850.457504889634
Waste Rate (-3%),-142522.8752444817,2850.457504889634
