Label,Value_kton
Baseline,3563071.881112042
"Diet Adherence
(+20%)",427568.625733445
"Diet Adherence
(-20%)",-427568.625733445
"Impact Factors
(+10%)",356307.1881112042
"Impact Factors
(-10%)",-356307.1881112042
Final,3563071.881112042
