Scenario,Total_kton,Reduction_kton,Reduction_percent
Baseline,3563071.881112042,0.0,0.0
Diet +20%,3990640.506845487,-427568.62573344493,-11.999999999999996
Diet +20% + Waste -3%,3848117.6316010053,-285045.75048896344,-8.000000000000004
Diet +20% + Impact -10% + Waste -3%,3491810.443489801,71261.43762224074,1.9999999999999973
Optimistic (All Favorable),3491810.443489801,71261.43762224074,1.9999999999999973
