Scenario,Total_kton,Reduction_kton,Reduction_percent
Baseline,3563071.8811120423,0.0,0.0
Diet +20%,3990640.5068454873,-427568.62573344493,-11.999999999999995
Diet +20% + Waste -3%,3848117.631601006,-285045.75048896344,-8.000000000000002
Diet +20% + Impact -10% + Waste -3%,3491810.4434898016,71261.43762224074,1.9999999999999973
Optimistic (All Favorable),3491810.4434898016,71261.43762224074,1.9999999999999973
