Diet,Impact Factors (+10%),Impact Factors (-10%),Diet Adherence (+20%),Diet Adherence (-20%),Waste Rate (+3%),Waste Rate (-3%)
Monitor 2024 (Current),356307.18811120425,-356307.18811120425,427568.62573344505,-427568.62573344505,142522.8752444817,-142522.8752444817
Amsterdam Theoretical,330025.8162609181,-330025.8162609181,396030.9795131017,-396030.9795131017,132010.32650436723,-132010.32650436723
Metropolitan (High Risk),489082.79000905046,-489082.79000905046,586899.3480108605,-586899.3480108605,195633.11600362018,-195633.11600362018
Metabolic Balance,331480.6647151826,-331480.6647151826,397776.7976582191,-397776.7976582191,132592.26588607303,-132592.26588607303
Dutch Goal (60:40),273076.0537395903,-273076.0537395903,327691.26448750834,-327691.26448750834,109230.42149583611,-109230.42149583611
Amsterdam Goal (70:30),234783.97012245824,-234783.97012245824,281740.76414694986,-281740.76414694986,93913.58804898329,-93913.58804898329
EAT-Lancet (Planetary),236445.88319539657,-236445.88319539657,283735.05983447586,-283735.05983447586,94578.35327815863,-94578.35327815863
Schijf van 5 (Guideline),314376.98620213213,-314376.98620213213,377252.3834425586,-377252.3834425586,125750.79448085286,-125750.79448085286
Mediterranean Diet,282872.4154868815,-282872.4154868815,339446.8985842578,-339446.8985842578,113148.9661947526,-113148.9661947526
