Diet,Impact Factors (+10%),Impact Factors (-10%),Diet Adherence (+20%),Diet Adherence (-20%),Waste Rate (+3%),Waste Rate (-3%)
Monitor 2024,356307.18811120425,-356307.18811120425,427568.62573344505,-427568.62573344505,142522.8752444817,-142522.8752444817
Amsterdam Theoretical,330025.8162609181,-330025.8162609181,396030.9795131017,-396030.9795131017,132010.32650436723,-132010.32650436723
Metropolitan,461439.2651410005,-461439.2651410005,553727.1181692006,-553727.1181692006,184575.7060564002,-184575.7060564002
Metabolic Balance,331480.6647151826,-331480.6647151826,397776.7976582191,-397776.7976582191,132592.26588607303,-132592.26588607303
Dutch Goal,273076.0537395903,-273076.0537395903,327691.26448750834,-327691.26448750834,109230.42149583611,-109230.42149583611
Amsterdam Goal,234783.97012245824,-234783.97012245824,281740.76414694986,-281740.76414694986,93913.58804898329,-93913.58804898329
EAT-Lancet,236445.88319539657,-236445.88319539657,283735.05983447586,-283735.05983447586,94578.35327815863,-94578.35327815863
Schijf van Vijf (50-50),311346.49326066824,-311346.49326066824,373615.79191280185,-373615.79191280185,124538.59730426728,-124538.59730426728
Mediterranean Diet,284254.591730284,-284254.591730284,341105.51007634075,-341105.51007634075,113701.8366921136,-113701.8366921136
