diet,co2_pct,land_pct,water_pct
Metropolitan (High Risk),37.6033563225962,38.383715907434144,24.012927769969647
Monitor 2024 (Current),33.33333333333333,33.33333333333333,33.33333333333333
Schijf van 5 (Guideline),31.771532199937603,31.50268393368933,36.72578386637306
Amsterdam Theoretical,35.227785380733714,34.88274000511059,29.889474614155702
Mediterranean Diet,30.03695417270268,30.289435393693037,39.67361043360429
Metabolic Balance,32.85182201521873,36.10993598406968,31.038242000711584
Dutch Goal (60:40),29.73573405701761,30.325359882220987,39.9389060607614
EAT-Lancet (Planetary),27.12107243937793,27.92440091873651,44.954526641885565
Amsterdam Goal (70:30),27.959282565153742,29.275019495018284,42.76569793982798
