diet,co2_change_pct,land_change_pct,water_change_pct
Metropolitan,27.13289715319997,29.888855325963092,-16.665026885321804
Schijf van Vijf (50-50),-4.122318021457605,-5.1702730013466205,11.484081568575672
Mediterranean Diet,-8.680349339194693,-7.913450496414424,20.22388338745788
Dutch Goal,-11.989293514487628,-10.2441411890482,18.209670961076334
EAT-Lancet,-19.68757022942761,-17.30870920815355,33.121847296631884
Amsterdam Goal,-20.494488491957327,-16.75303563546388,21.60929672573568
