diet,co2_change_pct,land_change_pct,water_change_pct
Metropolitan (High Risk),37.26436241763572,38.33096697808928,-13.459876412029123
Schijf van 5 (Guideline),-11.767992145021108,-4.187831408190813,11.69768908827038
Amsterdam Theoretical,-7.376043124362585,-4.905030417314723,-18.51733324678176
Mediterranean Diet,-20.609961032109062,-8.335556079020744,20.063625863793252
Metabolic Balance,-6.9677301565617675,-2.6146661246318823,-16.292580483187297
Dutch Goal (60:40),-23.359375603064546,-10.2441411890482,18.209670961076334
EAT-Lancet (Planetary),-33.63987842939579,-17.30870920815355,33.121847296631884
Amsterdam Goal (70:30),-34.10630546999191,-16.75303563546388,21.60929672573568
