diet,co2_change_pct,water_change_pct,land_change_pct
Schijf van Vijf (50-50),-4.122318021457605,11.484081568575672,-5.1702730013466205
EAT-Lancet,-19.68757022942761,33.121847296631884,-17.30870920815355
Dutch Goal,-11.989293514487628,18.209670961076334,-10.2441411890482
Amsterdam Goal,-20.494488491957327,21.60929672573568,-16.75303563546388
