,8. Schijf van 5 (Guideline),6. Amsterdam Goal (70:30),7. EAT-Lancet (Planetary),5. Dutch Goal (60:40)
1. Monitor 2024 (Current),11.767992145021108,34.10630546999191,33.63987842939579,23.359375603064546
3. Metropolitan (High Risk),35.72111049004308,51.995045640818084,51.65524364678193,44.165679243275555
9. Mediterranean Diet,-11.137378192576607,17.000047629830995,16.412534326323534,3.4631732226098006
