,8. Schijf van 5 (Guideline),6. Amsterdam Goal (70:30),7. EAT-Lancet (Planetary),5. Dutch Goal (60:40)
1. Monitor 2024 (Current),4.12231802145765,20.494488491957334,19.6875702294276,11.989293514487679
3. Metropolitan (High Risk),24.584679398121374,37.46267623223002,36.82797169815701,30.7726729616992
9. Mediterranean Diet,-4.991292985413623,12.937126968044065,12.053507443997788,3.623474412515722
