,8. Schijf van 5 (Guideline),6. Amsterdam Goal (70:30),7. EAT-Lancet (Planetary),5. Dutch Goal (60:40)
1. Monitor 2024 (Current),3.370157096198408,20.494488491957334,19.6875702294276,11.989293514487679
3. Metropolitan (High Risk),28.69626706026849,41.33241253998567,40.73698277867589,35.0563788318735
9. Mediterranean Diet,-6.303031911009499,12.535541061010166,11.647845756603333,3.178928383916138
