,1. Monitor 2024 (Current),2. Amsterdam Theoretical,3. Metropolitan (High Risk),4. Metabolic Balance,5. Dutch Goal (60:40),6. Amsterdam Goal (70:30),7. EAT-Lancet (Planetary),8. Schijf van 5 (Guideline),9. Mediterranean Diet
1. Monitor 2024 (Current),0.0,3.9643910210196127,-27.132897153199924,11.401514065889012,11.989293514487679,20.494488491957334,19.6875702294276,4.12231802145765,8.680349339194652
2. Amsterdam Theoretical,-4.128042778265,0.0,-32.38099753293166,7.744130665633812,8.356173901312482,17.21246696582693,16.372238772234336,0.16444629457454985,4.910635094954452
3. Metropolitan (High Risk),21.342152787176527,24.460457419409025,0.0,30.310338301072083,30.7726729616992,37.46267623223002,36.82797169815701,24.584679398121374,28.16992870793959
4. Metabolic Balance,-12.868745944900347,-8.39418751512328,-43.493306700236666,0.0,0.6634192925551647,10.263126203793812,9.352367680076124,-8.21593729022047,-3.0713445021148984
5. Dutch Goal (60:40),-13.62253979458882,-9.118098029117704,-44.451626659908264,-0.6678499378884343,0.0,9.663818547882826,8.746977523930177,-8.938657360198594,-3.759706412353047
6. Amsterdam Goal (70:30),-25.777443730909322,-20.791134045173155,-59.904508180340855,-11.436910792214055,-10.69761682699102,0.0,-1.0149211636077653,-20.592497501061292,-14.859522225157406
7. EAT-Lancet (Planetary),-24.513727558322987,-19.577516523064006,-58.29790919833832,-10.317277396798067,-9.58541129552611,1.0047240070246244,0.0,-19.380875727997555,-13.705501031007467
8. Schijf van 5 (Guideline),-4.299559539184765,-0.16471716585031893,-32.59905176019229,7.5921694123356716,8.20522078828593,17.076101687735644,16.23448949407589,0.0,4.754006588057794
9. Mediterranean Diet,-9.5054561382814,-5.164231667608802,-39.21745892942374,2.9798238462406768,3.623474412515722,12.937126968044065,12.053507443997788,-4.991292985413623,0.0
