,1. Monitor 2024 (Current),2. Amsterdam Theoretical,3. Metropolitan (High Risk),4. Metabolic Balance,5. Dutch Goal (60:40),6. Amsterdam Goal (70:30),7. EAT-Lancet (Planetary),8. Schijf van 5 (Guideline),9. Mediterranean Diet
1. Monitor 2024 (Current),0.0,3.9643910210196127,-35.51863124119549,11.401514065889012,11.989293514487679,20.494488491957334,19.6875702294276,3.370157096198408,9.099636043594428
2. Amsterdam Theoretical,-4.128042778265,0.0,-41.11289831135124,7.744130665633812,8.356173901312482,17.21246696582693,16.372238772234336,-0.6187641554407872,5.347230133875428
3. Metropolitan (High Risk),26.209408194198463,29.134755790104894,0.0,34.62265289823967,35.0563788318735,41.33241253998567,40.73698277867589,28.69626706026849,32.924083482940816
4. Metabolic Balance,-12.868745944900347,-8.39418751512328,-52.958179603631294,0.0,0.6634192925551647,10.263126203793812,9.352367680076124,-9.064891894048136,-2.5981008569451713
5. Dutch Goal (60:40),-13.62253979458882,-9.118098029117704,-53.97971071110942,-0.6678499378884343,0.0,9.663818547882826,8.746977523930177,-9.793281706820624,-3.283302209792993
6. Amsterdam Goal (70:30),-25.777443730909322,-20.791134045173155,-70.45187015429316,-11.436910792214055,-10.69761682699102,0.0,-1.0149211636077653,-21.53854628559512,-14.332154126459795
7. EAT-Lancet (Planetary),-24.513727558322987,-19.577516523064006,-68.73929929443054,-10.317277396798067,-9.58541129552611,1.0047240070246244,0.0,-20.317419333275012,-13.18343152620286
8. Schijf van 5 (Guideline),-3.4876979977640223,0.6149590095192285,-40.24511182959187,8.311466445915785,8.919745866574495,17.721576358979284,16.88651522436371,0.0,5.929305869926662
9. Mediterranean Diet,-10.010560626532227,-5.649311838880645,-49.084805981842,2.532308917265205,3.178928383916138,12.535541061010166,11.647845756603333,-6.303031911009499,0.0
