,8. Schijf van 5 (Guideline),6. Amsterdam Goal (70:30),7. EAT-Lancet (Planetary),5. Dutch Goal (60:40)
1. Monitor 2024 (Current),12.618520296734426,34.10630546999191,33.63987842939579,23.359375603064546
3. Metropolitan (High Risk),32.5270914763764,49.11920422491223,48.75904565183751,40.820802569511
9. Mediterranean Diet,-9.530858011993162,17.403631479334607,16.81897493506487,3.932579566313742
