diet,scope12_current,scope3_current,scope12_goal_avg,scope3_goal_avg,total_current,total_goal_avg,reduction_pct
1. Monitor 2024 (Current),1750000.0000000002,1813071.881112042,1085387.224048151,1561320.009100792,3563071.8811120423,2646707.2331489427,25.718387911868344
3. Metropolitan (High Risk),2433777.70338847,2457050.1967020347,1085387.224048151,1561320.009100792,4890827.900090504,2646707.2331489427,45.884269755229674
9. Mediterranean Diet,1180635.2161467196,1648088.9387220952,1085387.224048151,1561320.009100792,2828724.154868815,2646707.2331489427,6.434594246546942
