,1. Monitor 2024 (Current),2. Amsterdam Theoretical,3. Metropolitan (High Risk),4. Metabolic Balance,5. Dutch Goal (60:40),6. Amsterdam Goal (70:30),7. EAT-Lancet (Planetary),8. Schijf van 5 (Guideline),9. Mediterranean Diet
1. Monitor 2024 (Current),0.0,7.376043124362585,-37.26436241763572,6.9677301565617675,23.359375603064546,34.10630546999191,33.63987842939579,11.767992145021108,20.609961032109062
2. Amsterdam Theoretical,-7.963429088077194,0.0,-48.195312581965425,-0.4408286814490607,17.256153826555,28.85890783258051,28.355337205358904,4.741698766503163,14.287791575904215
3. Metropolitan (High Risk),27.14787856170306,32.52148245600485,0.0,32.22401779685428,44.165679243275555,51.995045640818084,51.65524364678193,35.72111049004308,42.16267240120084
4. Metabolic Balance,-7.489584171478985,0.43889391120732524,-47.54489237834852,0.0,17.61931152930901,29.17114175446971,28.669781268069606,5.159781650536513,14.663977239838905
5. Dutch Goal (60:40),-30.479103982872292,-20.85490900481373,-79.10131017033359,-21.387672106646114,0.0,14.02249779603451,13.413907972730868,-15.12433327527396,-3.587411496957249
6. Amsterdam Goal (70:30),-51.7595890065928,-40.56573627611109,-108.31183225752399,-41.185390357906236,-16.309496596875732,0.0,-0.7078477598242822,-33.900532492980645,-20.481996849845157
7. EAT-Lancet (Planetary),-50.69291260053595,-39.57773838176239,-106.8476656896907,-40.19303708546713,-15.491989138978967,0.7028724926307741,0.0,-32.95938248260135,-19.63516203541532
8. Schijf van 5 (Guideline),-13.337554512375347,-4.977727615444586,-55.572071581152336,-5.440499547906937,13.137390545498443,25.317698041833985,24.789061040437904,0.0,10.02127130737058
9. Mediterranean Diet,-25.960386592636258,-16.669494157949583,-72.89872155517128,-17.18380675069936,3.4631732226098006,17.000047629830995,16.412534326323534,-11.137378192576607,0.0
