Diet,Scope 1+2,Scope 3,Total
Monitor 2024,1904586.8163652448,1813071.881112042,3717658.6974772867
Amsterdam Theoretical,1559063.540356576,1741194.622252605,3300258.162609181
Metropolitan,2309381.8414822454,2305010.8099277597,4614392.651410005
Metabolic Balance,1708452.411589452,1606354.2355623741,3314806.647151826
Dutch Goal,1135063.1657390264,1595697.3716568763,2730760.537395903
Amsterdam Goal,906347.6281379621,1441492.0730866203,2347839.7012245823
EAT-Lancet,908336.7507458609,1456122.0812081047,2364458.8319539656
Schijf van Vijf (50-50),1375133.6403917032,1738331.2922149792,3113464.932606682
Mediterranean Diet,1186855.009242031,1655690.908060809,2842545.91730284
