Diet,Scope1+2_share_pct,Scope3_share_pct
Monitor 2024 (Current),49.11492269568868,50.88507730431131
Amsterdam Theoretical,47.240654019744376,52.759345980255624
Metropolitan (High Risk),49.762080226610166,50.23791977338984
Metabolic Balance,51.54003214810137,48.45996785189865
Dutch Goal (60:40),41.56582571760177,58.434174282398224
Amsterdam Goal (70:30),38.60347142376163,61.396528576238374
EAT-Lancet (Planetary),38.416264156107985,61.583735843892015
Schijf van 5 (Guideline),44.27173147702614,55.728268522973856
Mediterranean Diet,41.73737527975657,58.26262472024343
