Diet,Scope12_kton,Scope3_kton,Land_hectares,Water_m3,Total_Emissions_kton
Monitor 2024 (Current),1750000.0000000002,1813071.881112042,3300536763.2140255,88077377647.26193,3563071.8811120423
Amsterdam Theoretical,1559063.540356576,1741194.622252605,3138644431.043721,71767796113.29196,3300258.162609181
Metropolitan (High Risk),2433777.70338847,2457050.1967020347,4565664420.021289,76222271468.98428,4890827.900090504
Metabolic Balance,1708452.411589452,1606354.2355623741,3214238746.535246,73727300006.60095,3314806.647151826
Dutch Goal (60:40),1135063.1657390264,1595697.3716568763,2962425117.1939383,104115978307.97282,2730760.537395903
Amsterdam Goal (70:30),906347.6281379621,1441492.0730866203,2747596663.111193,107110279531.30548,2347839.7012245823
EAT-Lancet (Planetary),908336.7507458609,1456122.0812081047,2729256452.5611057,117250232174.46576,2364458.8319539656
Schijf van 5 (Guideline),1391801.3515697545,1751968.5104515667,3162315848.005263,98380395441.54033,3143769.8620213214
Mediterranean Diet,1180635.2161467196,1648088.9387220952,3025418670.407624,105748893169.04874,2828724.154868815
