Parameter,Emission_Change_kton,Absolute_Impact_kton,Baseline_Emissions_kton
Impact Factors (+10%),356307.18811120425,356307.18811120425,3563071.8811120423
Impact Factors (-10%),-356307.18811120425,356307.18811120425,3563071.8811120423
Diet Adherence (+20%),427568.62573344505,427568.62573344505,3563071.8811120423
Diet Adherence (-20%),-427568.62573344505,427568.62573344505,3563071.8811120423
Waste Rate (+3%),142522.8752444817,142522.8752444817,3563071.8811120423
Waste Rate (-3%),-142522.8752444817,142522.8752444817,3563071.8811120423
