Total_Scope12_tonnes,Total_Scope3_tonnes,Total_Emissions_tonnes,Base_Food_Consumption_tonnes,Food_Waste_tonnes,Retail_Distribution_tonnes,Total_Land_m2,Total_Water_L
4475988.287334736,2736825.7496702177,7212814.037004954,3933205.876392563,432652.64640318195,98330.14690981408,3300536763.2140255,88077377647.26193
