Total_Scope12_tonnes,Total_Scope3_tonnes,Total_Emissions_tonnes,Base_Food_Consumption_tonnes,Food_Waste_tonnes,Retail_Distribution_tonnes,Total_Land_m2,Total_Water_L
1750000.0,2907877.359024606,4657877.359024607,1537785.5887521969,169156.41476274165,38444.63971880492,3300536763.2140255,88077377647.26193
