Category,Scope1+2_kton,Scope3_kton,Total_kton,Mass_share_pct,Scope3_share_pct
Red Meat,597.419999192805,992.6994797035749,1590.1194788963799,4.8749198203976905,34.138285668160286
Staples,233.59020410644163,388.14380903489035,621.734013141332,29.185375240538807,13.348011663225234
Dairy (Milk & Milkproducts),187.3188556541148,311.257291014285,498.5761466683998,14.111610006414368,10.703934608806561
Ultra-Processed,164.21936873773325,272.8741624375815,437.0935311753148,7.6972418216805645,9.38396392787047
Veg & Fruit,154.10482948636977,256.0673969027212,410.172226389091,19.563822963438103,8.805990256363987
Cheese & Eggs,91.33961112971707,151.77393553498067,243.11354666469776,4.041051956382296,5.219406350269547
