Parameter,Emission_Change_kton,Uncertainty_kton
Diet Adherence (+20%),558945.2830829527,11178.905661659055
Diet Adherence (-20%),-558945.2830829527,11178.905661659055
Impact Factors (+10%),465787.7359024607,9315.754718049215
Impact Factors (-10%),-465787.7359024607,9315.754718049215
Waste Rate (+3%),186315.09436098428,3726.301887219686
Waste Rate (-3%),-186315.09436098428,3726.301887219686
