Label,Value_kton
Baseline,4657877.359024607
"Diet Adherence
(+20%)",558945.2830829527
"Diet Adherence
(-20%)",-558945.2830829527
"Impact Factors
(+10%)",465787.7359024607
"Impact Factors
(-10%)",-465787.7359024607
Final,4657877.359024607
