Scenario,Total_kton,Reduction_kton,Reduction_percent
Baseline,4486825.749670218,0.0,0.0
Diet +20%,5025244.839630644,-538419.0899604261,-12.0
Diet +20% + Waste -3%,4845771.809643835,-358946.0599736171,-7.999999999999992
Diet +20% + Impact -10% + Waste -3%,4397089.234676814,89736.51499340404,1.9999999999999931
Optimistic (All Favorable),4397089.234676814,89736.51499340404,1.9999999999999931
