Diet,Impact Factors (+10%),Impact Factors (-10%),Diet Adherence (+20%),Diet Adherence (-20%),Waste Rate (+3%),Waste Rate (-3%)
Monitor 2024,448682.5749670218,-448682.5749670218,538419.0899604261,-538419.0899604261,179473.02998680872,-179473.02998680872
Amsterdam Theoretical,330025.81626091804,-330025.81626091804,396030.9795131016,-396030.9795131016,132010.32650436723,-132010.32650436723
Metropolitan,489082.79000905063,-489082.79000905063,586899.3480108607,-586899.3480108607,195633.11600362026,-195633.11600362026
Metabolic Balance,331480.66471518273,-331480.66471518273,397776.79765821924,-397776.79765821924,132592.2658860731,-132592.2658860731
Dutch Goal,273076.0537395903,-273076.0537395903,327691.26448750834,-327691.26448750834,109230.42149583611,-109230.42149583611
Amsterdam Goal,234783.9701224583,-234783.9701224583,281740.7641469499,-281740.7641469499,93913.5880489833,-93913.5880489833
EAT-Lancet,236445.88319539657,-236445.88319539657,283735.05983447586,-283735.05983447586,94578.35327815863,-94578.35327815863
Schijf van 5,314376.98620213213,-314376.98620213213,377252.3834425586,-377252.3834425586,125750.79448085286,-125750.79448085286
Mediterranean Diet,282872.4154868815,-282872.4154868815,339446.8985842578,-339446.8985842578,113148.9661947526,-113148.9661947526
