Diet,Impact Factors (+10%),Impact Factors (-10%),Diet Adherence (+20%),Diet Adherence (-20%),Waste Rate (+3%),Waste Rate (-3%)
Monitor 2024,448682.5749670218,-448682.5749670218,538419.0899604261,-538419.0899604261,179473.02998680872,-179473.02998680872
Amsterdam Theoretical,330025.81626091804,-330025.81626091804,396030.9795131016,-396030.9795131016,132010.32650436723,-132010.32650436723
Metropolitan,461439.2651410006,-461439.2651410006,553727.1181692007,-553727.1181692007,184575.70605640023,-184575.70605640023
Metabolic Balance,331480.66471518273,-331480.66471518273,397776.79765821924,-397776.79765821924,132592.2658860731,-132592.2658860731
Dutch Goal,273076.0537395903,-273076.0537395903,327691.26448750834,-327691.26448750834,109230.42149583611,-109230.42149583611
Amsterdam Goal,234783.9701224583,-234783.9701224583,281740.7641469499,-281740.7641469499,93913.5880489833,-93913.5880489833
EAT-Lancet,236445.88319539657,-236445.88319539657,283735.05983447586,-283735.05983447586,94578.35327815863,-94578.35327815863
Schijf van Vijf (50-50),311346.49326066824,-311346.49326066824,373615.79191280185,-373615.79191280185,124538.59730426728,-124538.59730426728
Mediterranean Diet,284254.591730284,-284254.591730284,341105.5100763407,-341105.5100763407,113701.83669211357,-113701.83669211357
