Diet,Impact Factors (+10%),Impact Factors (-10%),Diet Adherence (+20%),Diet Adherence (-20%),Waste Rate (+3%),Waste Rate (-3%)
Monitor 2024 (Current),448682.5749670218,-448682.5749670218,538419.0899604261,-538419.0899604261,179473.02998680872,-179473.02998680872
Amsterdam Theoretical,439020.65300873446,-439020.65300873446,526824.7836104813,-526824.7836104813,175608.26120349378,-175608.26120349378
Metropolitan (High Risk),566266.2320072405,-566266.2320072405,679519.4784086886,-679519.4784086886,226506.49280289622,-226506.49280289622
Metabolic Balance,440184.53177214623,-440184.53177214623,528221.4381265754,-528221.4381265754,176073.8127088585,-176073.8127088585
Dutch Goal (60:40),393460.8429916723,-393460.8429916723,472153.0115900067,-472153.0115900067,157384.3371966689,-157384.3371966689
Amsterdam Goal (70:30),362827.1760979666,-362827.1760979666,435392.6113175599,-435392.6113175599,145130.87043918663,-145130.87043918663
EAT-Lancet (Planetary),364156.70655631734,-364156.70655631734,436988.0478675807,-436988.0478675807,145662.68262252692,-145662.68262252692
Schijf van 5 (Guideline),426501.5889617057,-426501.5889617057,511801.9067540468,-511801.9067540468,170600.63558468226,-170600.63558468226
Mediterranean Diet,401297.9323895052,-401297.9323895052,481557.51886740624,-481557.51886740624,160519.1729558021,-160519.1729558021
