diet,co2_change_pct,land_change_pct,water_change_pct
Metropolitan,42.96351605665337,38.33096697808928,-13.459876412029123
Metabolic Balance,-3.1050728004512353,-2.6146661246318823,-16.292580483187297
Amsterdam Theoretical,-3.530338736198862,-4.905030417314723,-18.51733324678176
Schijf van Vijf (50-50),-8.104639474394284,-4.187831408190813,11.69768908827038
Mediterranean Diet,-17.313722871551544,-8.335556079020744,20.063625863793252
Dutch Goal,-20.177291879836936,-10.2441411890482,18.209670961076334
EAT-Lancet,-30.88463648841718,-17.30870920815355,33.121847296631884
Amsterdam Goal,-31.37042936672183,-16.75303563546388,21.60929672573568
