diet,co2_change_pct,land_change_pct,water_change_pct
Metropolitan (High Risk),26.206423783865716,38.33096697808928,-13.459876412029123
Schijf van 5 (Guideline),-4.943580883867938,-4.187831408190813,11.69768908827038
Mediterranean Diet,-10.560838601989245,-8.335556079020744,20.063625863793252
Dutch Goal (60:40),-12.307527650122875,-10.2441411890482,18.209670961076334
EAT-Lancet (Planetary),-18.83867863977493,-17.30870920815355,33.121847296631884
Amsterdam Goal (70:30),-19.134997358737536,-16.75303563546388,21.60929672573568
