diet,co2_change_pct,land_change_pct,water_change_pct
Metropolitan,34.883052805712104,29.888855325963092,-16.665026885321804
Schijf van Vijf (50-50),-8.990481166530962,-5.1702730013466205,11.484081568575672
Mediterranean Diet,-16.9096997090045,-7.913450496414424,20.22388338745788
Dutch Goal,-20.17729187983692,-10.2441411890482,18.209670961076334
EAT-Lancet,-30.884636488417172,-17.30870920815355,33.121847296631884
Amsterdam Goal,-31.370429366721847,-16.75303563546388,21.60929672573568
