diet,co2_change_pct,water_change_pct,land_change_pct
Schijf van Vijf (50-50),-8.990481166530962,11.484081568575672,-5.1702730013466205
EAT-Lancet,-30.884636488417172,33.121847296631884,-17.30870920815355
Dutch Goal,-20.17729187983692,18.209670961076334,-10.2441411890482
Amsterdam Goal,-31.370429366721847,21.60929672573568,-16.75303563546388
