diet,GHG Emissions,Water Use,Land Use
Metropolitan,34.883052805712104,-16.665026885321804,29.888855325963092
Mediterranean Diet,-16.9096997090045,20.22388338745788,-7.913450496414424
Dutch Goal,-20.17729187983692,18.209670961076334,-10.2441411890482
Amsterdam Goal,-31.370429366721847,21.60929672573568,-16.75303563546388
EAT-Lancet,-30.884636488417172,33.121847296631884,-17.30870920815355
Schijf van Vijf (50-50),-8.990481166530962,11.484081568575672,-5.1702730013466205
