diet,GHG Emissions,Water Use,Land Use
Metropolitan,42.96351605665337,-13.459876412029123,38.33096697808928
Metabolic Balance,-3.1050728004512353,-16.292580483187297,-2.6146661246318823
Amsterdam Theoretical,-3.530338736198862,-18.51733324678176,-4.905030417314723
Schijf van Vijf (50-50),-8.104639474394284,11.69768908827038,-4.187831408190813
Mediterranean Diet,-17.313722871551544,20.063625863793252,-8.335556079020744
Dutch Goal,-20.177291879836936,18.209670961076334,-10.2441411890482
EAT-Lancet,-30.88463648841718,33.121847296631884,-17.30870920815355
Amsterdam Goal,-31.37042936672183,21.60929672573568,-16.75303563546388
