,8. Schijf van 5 (Guideline),6. Amsterdam Goal (70:30),7. EAT-Lancet (Planetary),5. Dutch Goal (60:40)
1. Monitor 2024 (Current),4.943580883867938,19.134997358737536,18.83867863977493,12.307527650122875
3. Metropolitan (High Risk),24.68179014491328,35.92639723335518,35.69160829783312,30.516633210323352
9. Mediterranean Diet,-6.2805348689754625,9.586582233919506,9.255274656421136,1.952935404169028
