,8. Schijf van 5 (Guideline),6. Amsterdam Goal (70:30),7. EAT-Lancet (Planetary),5. Dutch Goal (60:40)
1. Monitor 2024 (Current),29.933319513190614,47.67259010677762,47.30219170807439,39.138252971009315
3. Metropolitan (High Risk),35.72111049004311,51.995045640818084,51.655243646781955,44.16567924327558
9. Mediterranean Diet,-11.137378192576607,17.000047629830977,16.412534326323534,3.4631732226098006
