,1. Monitor 2024 (Current),2. Amsterdam Theoretical,3. Metropolitan (High Risk),4. Metabolic Balance,5. Dutch Goal (60:40),6. Amsterdam Goal (70:30),7. EAT-Lancet (Planetary),8. Schijf van 5 (Guideline),9. Mediterranean Diet
1. Monitor 2024 (Current),0.0,26.44559100937339,-9.00418632147644,26.12134207807233,39.138252971009315,47.67259010677762,47.30219170807439,29.933319513190614,36.954891660842264
2. Amsterdam Theoretical,-35.953780843706426,0.0,-48.1953125819655,-0.44082868144910303,17.25615382655499,28.85890783258049,28.355337205358893,4.7416987665031485,14.287791575904205
3. Metropolitan (High Risk),8.26040414165488,32.52148245600488,0.0,32.224017796854284,44.16567924327558,51.995045640818084,51.655243646781955,35.72111049004311,42.16267240120086
4. Metabolic Balance,-35.35708797752719,0.4388939112073672,-47.54489237834853,0.0,17.61931152930903,29.171141754469716,28.669781268069627,5.159781650536539,14.66397723983893
5. Dutch Goal (60:40),-64.30681812726526,-20.854909004813717,-79.10131017033366,-21.387672106646146,0.0,14.022497796034495,13.413907972730868,-15.12433327527396,-3.587411496957249
6. Amsterdam Goal (70:30),-91.10443303816635,-40.56573627611104,-108.31183225752403,-41.18539035790625,-16.30949659687571,0.0,-0.7078477598242621,-33.900532492980616,-20.48199684984513
7. EAT-Lancet (Planetary),-89.76121254614313,-39.577738381762366,-106.84766568969077,-40.19303708546717,-15.491989138978967,0.7028724926307544,0.0,-32.95938248260135,-19.63516203541532
8. Schijf van 5 (Guideline),-42.72118973700459,-4.977727615444571,-55.57207158115241,-5.440499547906966,13.137390545498443,25.317698041833975,24.789061040437904,0.0,10.02127130737058
9. Mediterranean Diet,-58.61658839895962,-16.669494157949565,-72.89872155517133,-17.183806750699393,3.4631732226098006,17.000047629830977,16.412534326323534,-11.137378192576607,0.0
