,1. Monitor 2024 (Current),2. Amsterdam Theoretical,3. Metropolitan (High Risk),4. Metabolic Balance,5. Dutch Goal (60:40),6. Amsterdam Goal (70:30),7. EAT-Lancet (Planetary),8. Schijf van 5 (Guideline),9. Mediterranean Diet
1. Monitor 2024 (Current),0.0,2.153398080814146,-26.206423783865716,1.89399893577329,12.307527650122875,19.134997358737536,18.83867863977493,4.943580883867938,10.560838601989245
2. Amsterdam Theoretical,-2.200789847145326,0.0,-28.98396194494624,-0.2651079750884971,10.377600621936057,17.355328590714834,17.052488519470106,2.851588862900194,8.592470618569902
3. Metropolitan (High Risk),20.76473050907886,22.47098128162427,0.0,22.265445669994,30.516633210323352,35.92639723335518,35.69160829783312,24.68179014491328,29.132639435866263
4. Metabolic Balance,-1.9305637934761528,0.2644070110156016,-28.642919306478102,0.0,10.614568529332061,17.57384689615179,17.271807555287598,3.1084560730369475,8.834158534850548
5. Dutch Goal (60:40),-14.034873598976732,-11.579248819437531,-43.91933583572018,-11.875054306601697,0.0,7.785696452227153,7.447789775608039,-8.397467386794753,-1.991834648206356
6. Amsterdam Goal (70:30),-23.66289090921719,-20.999936589698816,-56.070512164266205,-21.320717071450133,-8.443046417623997,0.0,-0.3664362941743171,-17.549515873790668,-10.603052589740733
7. EAT-Lancet (Planetary),-23.211399622440414,-20.55816770762653,-55.50070115752948,-20.877777024840015,-8.047122545805166,0.36509844097711236,0.0,-17.120344423959317,-10.199242569062495
8. Schijf van 5 (Guideline),-5.2006807429052,-2.935291302784062,-32.770016961902556,-3.2081809692083194,7.746922127645349,14.929466738623617,14.6177374291063,0.0,5.909393358546998
9. Mediterranean Diet,-11.807846179362915,-9.400178165536882,-41.10868417273948,-9.690206762614745,1.952935404169028,9.586582233919506,9.255274656421136,-6.2805348689754625,0.0
