,8. Schijf van 5 (Guideline),6. Amsterdam Goal (70:30),7. EAT-Lancet (Planetary),5. Dutch Goal (60:40)
1. Monitor 2024 (Current),33.15700065450706,49.59421383915018,49.2374176109888,41.373283860617924
3. Metropolitan (High Risk),32.52709147637641,49.11920422491223,48.75904565183752,40.820802569511
9. Mediterranean Diet,-9.530858011993164,17.403631479334592,16.81897493506487,3.932579566313726
