,8. Schijf van 5 (Guideline),6. Amsterdam Goal (70:30),7. EAT-Lancet (Planetary),5. Dutch Goal (60:40)
1. Monitor 2024 (Current),8.990481166531001,31.370429366721858,30.884636488417183,20.177291879836947
3. Metropolitan (High Risk),32.52709147637641,49.11920422491224,48.75904565183752,40.82080256951102
9. Mediterranean Diet,-9.530858011993175,17.403631479334585,16.81897493506486,3.932579566313742
