,1. Monitor 2024 (Current),2. Amsterdam Theoretical,3. Metropolitan (High Risk),4. Metabolic Balance,5. Dutch Goal (60:40),6. Amsterdam Goal (70:30),7. EAT-Lancet (Planetary),8. Schijf van 5 (Guideline),9. Mediterranean Diet
1. Monitor 2024 (Current),0.0,3.530338736198891,-42.96351605665335,3.105072800451247,20.177291879836947,31.370429366721858,30.884636488417183,8.104639474394318,17.313722871551587
2. Amsterdam Theoretical,-3.659532634353306,0.0,-48.1953125819655,-0.44082868144911713,17.256153826554996,28.85890783258049,28.355337205358893,4.741698766503153,14.287791575904205
3. Metropolitan (High Risk),30.05208408530456,32.52148245600488,0.0,32.22401779685428,44.16567924327558,51.995045640818084,51.655243646781955,35.72111049004311,42.16267240120086
4. Metabolic Balance,-3.204577257235101,0.4388939112073812,-47.54489237834851,0.0,17.619311529309044,29.171141754469726,28.669781268069634,5.159781650536556,14.66397723983894
5. Dutch Goal (60:40),-25.27763384006287,-20.854909004813717,-79.10131017033366,-21.387672106646168,0.0,14.022497796034491,13.41390797273086,-15.12433327527396,-3.587411496957254
6. Amsterdam Goal (70:30),-45.709785267854336,-40.565736276111046,-108.31183225752403,-41.18539035790627,-16.309496596875707,0.0,-0.7078477598242695,-33.900532492980616,-20.48199684984513
7. EAT-Lancet (Planetary),-44.68563126813523,-39.57773838176236,-106.84766568969077,-40.19303708546718,-15.491989138978957,0.7028724926307618,0.0,-32.95938248260134,-19.63516203541531
8. Schijf van 5 (Guideline),-8.819421816334291,-4.977727615444575,-55.57207158115241,-5.440499547906985,13.137390545498443,25.317698041833975,24.7890610404379,0.0,10.021271307370576
9. Mediterranean Diet,-20.939052370994656,-16.669494157949565,-72.89872155517133,-17.18380675069941,3.4631732226098046,17.00004762983098,16.412534326323527,-11.137378192576602,0.0
