,8. Schijf van 5 (Guideline),6. Amsterdam Goal (70:30),7. EAT-Lancet (Planetary),5. Dutch Goal (60:40)
1. Monitor 2024 (Current),8.104639474394318,31.370429366721858,30.884636488417183,20.177291879836947
3. Metropolitan (High Risk),35.72111049004311,51.995045640818084,51.655243646781955,44.16567924327558
9. Mediterranean Diet,-11.137378192576602,17.00004762983098,16.412534326323527,3.4631732226098046
