,1. Monitor 2024 (Current),2. Amsterdam Theoretical,3. Metropolitan (High Risk),4. Metabolic Balance,5. Dutch Goal (60:40),6. Amsterdam Goal (70:30),7. EAT-Lancet (Planetary),8. Schijf van 5 (Guideline),9. Mediterranean Diet
1. Monitor 2024 (Current),0.0,26.44559100937339,-2.843143657833479,26.12134207807233,39.138252971009315,47.67259010677762,47.30219170807439,30.60873975693123,36.64683952766013
2. Amsterdam Theoretical,-35.953780843706426,0.0,-39.8191421413491,-0.44082868144910303,17.25615382655499,28.85890783258049,28.355337205358893,5.6599581244522925,13.868983053873404
3. Metropolitan (High Risk),2.7645437087112215,28.479034795603482,0.0,28.163749867733266,40.82080256951101,49.11920422491223,48.75904565183752,32.52709147637642,38.398265339767924
4. Metabolic Balance,-35.35708797752719,0.4388939112073672,-39.20548443978834,0.0,17.61931152930903,29.171141754469716,28.669781268069627,6.074010824074551,14.24700684291094
5. Dutch Goal (60:40),-64.30681812726526,-20.854909004813717,-68.97829700623859,-21.387672106646146,0.0,14.022497796034495,13.413907972730868,-14.014571763796335,-4.093562155161978
6. Amsterdam Goal (70:30),-91.10443303816635,-40.56573627611104,-96.5378066059296,-41.18539035790625,-16.30949659687571,0.0,-0.7078477598242621,-32.60977446555511,-21.070698132424823
7. EAT-Lancet (Planetary),-89.76121254614313,-39.577738381762366,-95.1563964256767,-40.19303708546717,-15.491989138978967,0.7028724926307544,0.0,-31.67769683829704,-20.219725498615993
8. Schijf van 5 (Guideline),-44.11036728503374,-5.999528950727882,-48.207632052778706,-6.466805276543637,12.291912820433412,24.59077741213215,24.056994919343037,0.0,8.7015277566342
9. Mediterranean Diet,-57.84532177153218,-16.102193548403363,-62.33309102666633,-16.614005317356273,3.932579566313726,17.403631479334575,16.818974935064855,-9.53085801199318,0.0
