,1. Monitor 2024 (Current),2. Amsterdam Theoretical,3. Metropolitan (High Risk),4. Metabolic Balance,5. Dutch Goal (60:40),6. Amsterdam Goal (70:30),7. EAT-Lancet (Planetary),8. Schijf van 5 (Guideline),9. Mediterranean Diet
1. Monitor 2024 (Current),0.0,3.530338736198891,-34.88305280571207,3.105072800451247,20.177291879836947,31.370429366721858,30.884636488417183,8.990481166531001,16.90969970900453
2. Amsterdam Theoretical,-3.659532634353306,0.0,-39.819142141349104,-0.44082868144911713,17.256153826554996,28.85890783258049,28.355337205358893,5.659958124452285,13.868983053873393
3. Metropolitan (High Risk),25.861701733544116,28.479034795603482,0.0,28.163749867733262,40.82080256951102,49.11920422491224,48.75904565183752,32.52709147637641,38.398265339767924
4. Metabolic Balance,-3.204577257235101,0.4388939112073812,-39.20548443978833,0.0,17.619311529309044,29.171141754469726,28.669781268069634,6.074010824074557,14.24700684291094
5. Dutch Goal (60:40),-25.27763384006287,-20.854909004813717,-68.9782970062386,-21.387672106646168,0.0,14.022497796034491,13.41390797273086,-14.014571763796349,-4.093562155161996
6. Amsterdam Goal (70:30),-45.709785267854336,-40.565736276111046,-96.53780660592962,-41.18539035790627,-16.309496596875707,0.0,-0.7078477598242695,-32.60977446555513,-21.07069813242484
7. EAT-Lancet (Planetary),-44.68563126813523,-39.57773838176236,-95.1563964256767,-40.19303708546718,-15.491989138978957,0.7028724926307618,0.0,-31.67769683829705,-20.219725498616004
8. Schijf van 5 (Guideline),-9.878616304940541,-5.999528950727875,-48.2076320527787,-6.466805276543644,12.291912820433422,24.590777412132155,24.056994919343037,0.0,8.701527756634194
9. Mediterranean Diet,-20.350991210507207,-16.10219354840335,-62.333091026666324,-16.614005317356277,3.932579566313742,17.403631479334585,16.81897493506486,-9.530858011993175,0.0
