,1. Monitor 2024 (Current),2. Amsterdam Theoretical,3. Metropolitan (High Risk),4. Metabolic Balance,5. Dutch Goal (60:40),6. Amsterdam Goal (70:30),7. EAT-Lancet (Planetary),8. Schijf van 5 (Guideline),9. Mediterranean Diet
1. Monitor 2024 (Current),0.0,3.5303387361989014,-34.88305280571203,3.1050728004513015,20.177291879836936,31.370429366721876,30.884636488417204,8.990481166531023,16.909699709004535
2. Amsterdam Theoretical,-3.6595326343533165,0.0,-39.81914214134908,-0.4408286814490716,17.256153826554975,28.8589078325805,28.355337205358904,5.659958124452297,13.868983053873386
3. Metropolitan (High Risk),25.861701733544102,28.479034795603468,0.0,28.163749867733284,40.820802569510995,49.11920422491224,48.75904565183752,32.52709147637641,38.3982653397679
4. Metabolic Balance,-3.204577257235158,0.438893911207336,-39.20548443978837,0.0,17.61931152930899,29.171141754469705,28.669781268069617,6.074010824074526,14.247006842910896
5. Dutch Goal (60:40),-25.27763384006285,-20.854909004813692,-68.97829700623855,-21.38767210664609,0.0,14.022497796034525,13.413907972730895,-14.01457176379631,-4.0935621551619805
6. Amsterdam Goal (70:30),-45.70978526785437,-40.56573627611107,-96.53780660592962,-41.18539035790623,-16.309496596875753,0.0,-0.7078477598242647,-32.609774465555134,-21.07069813242487
7. EAT-Lancet (Planetary),-44.68563126813528,-39.57773838176239,-95.15639642567672,-40.19303708546715,-15.491989138979006,0.7028724926307569,0.0,-31.67769683829706,-20.219725498616036
8. Schijf van 5 (Guideline),-9.878616304940566,-5.999528950727887,-48.2076320527787,-6.466805276543608,12.291912820433392,24.59077741213216,24.05699491934304,0.0,8.701527756634176
9. Mediterranean Diet,-20.35099121050721,-16.10219354840334,-62.33309102666629,-16.614005317356213,3.9325795663137284,17.403631479334607,16.818974935064883,-9.530858011993153,0.0
