diet,scope12_current,scope3_current,scope12_goal_avg,scope3_goal_avg,total_current,total_goal_avg,reduction_pct
1. Monitor 2024 (Current),4475988.287334736,2736825.7496702177,1353900.637209005,2117365.7865191544,7212814.037004954,3471266.4237281596,51.87361817566606
3. Metropolitan (High Risk),2501861.530991434,3912662.320072405,1353900.637209005,2117365.7865191544,6414523.851063839,3471266.4237281596,45.88426975522968
9. Mediterranean Diet,1447009.849747847,2262979.323895052,1353900.637209005,2117365.7865191544,3709989.173642899,3471266.4237281596,6.4345942465469115
