diet,scope12_current,scope3_current,scope12_goal_avg,scope3_goal_avg,total_current,total_goal_avg,reduction_pct
1. Monitor 2024 (Current),4475988.287334736,2736825.7496702177,1350025.079805907,2111304.800636227,7212814.037004954,3461329.880442134,52.01138054185277
3. Metropolitan (High Risk),2360453.4240999618,3691514.121128005,1350025.079805907,2111304.800636227,6051967.545227967,3461329.880442134,42.8065359806593
9. Mediterranean Diet,1454080.2550924208,2274036.733842272,1350025.079805907,2111304.800636227,3728116.988934693,3461329.880442134,7.156081992180001
