diet,scope12_current,scope3_current,scope12_goal_avg,scope3_goal_avg,total_current,total_goal_avg,reduction_pct
1. Monitor 2024 (Current),5967984.38311298,2907877.359024606,1350025.0798059069,2243261.3506759903,8875861.742137587,3593286.430481897,59.51619645647476
3. Metropolitan (High Risk),2360453.4240999613,3922233.753698504,1350025.0798059069,2243261.3506759903,6282687.177798465,3593286.430481897,42.80653598065929
9. Mediterranean Diet,1454080.255092421,2416164.0297074136,1350025.0798059069,2243261.3506759903,3870244.2847998347,3593286.430481897,7.156081992180023
