diet,scope12_current,scope3_current,scope12_goal_avg,scope3_goal_avg,total_current,total_goal_avg,reduction_pct
1. Monitor 2024 (Current),1749999.9999999998,2736825.7496702177,1750000.0,2117365.7865191544,4486825.749670218,3867365.7865191544,13.806196133125823
3. Metropolitan (High Risk),1749999.9999999995,3912662.320072405,1750000.0,2117365.7865191544,5662662.320072405,3867365.7865191544,31.704107221606236
9. Mediterranean Diet,1750000.0,2262979.323895052,1750000.0,2117365.7865191544,4012979.323895052,3867365.7865191544,3.6285643563835546
