,1. Monitor 2024 (Current),2. Amsterdam Theoretical,3. Metropolitan (High Risk),4. Metabolic Balance,5. Dutch Goal (60:40),6. Amsterdam Goal (70:30),7. EAT-Lancet (Planetary),8. Schijf van 5 (Guideline),9. Mediterranean Diet
1. Monitor 2024 (Current),0.0,29.14673555723936,0.9335734769905492,28.834394045832713,41.373283860617924,49.59421383915018,49.2374176109888,33.15700065450706,38.973362795921936
2. Amsterdam Theoretical,-41.136757475424126,0.0,-39.81914214134909,-0.4408286814490749,17.25615382655498,28.858907832580492,28.3553372053589,5.659958124452293,13.868983053873391
3. Metropolitan (High Risk),-0.9423712046115995,28.479034795603475,0.0,28.163749867733284,40.820802569511,49.11920422491223,48.75904565183752,32.52709147637641,38.39826533976791
4. Metabolic Balance,-40.517316840389014,0.4388939112073393,-39.20548443978837,0.0,17.619311529308995,29.171141754469698,28.66978126806961,6.074010824074526,14.247006842910903
5. Dutch Goal (60:40),-70.57069981926843,-20.854909004813695,-68.97829700623856,-21.387672106646097,0.0,14.02249779603451,13.413907972730884,-14.014571763796319,-4.093562155161978
6. Amsterdam Goal (70:30),-98.38992230155912,-40.56573627611105,-96.5378066059296,-41.185390357906215,-16.309496596875732,0.0,-0.7078477598242623,-32.60977446555512,-21.070698132424848
7. EAT-Lancet (Planetary),-96.99549410954994,-39.57773838176238,-95.1563964256767,-40.19303708546714,-15.49198913897899,0.7028724926307546,0.0,-31.67769683829705,-20.219725498616018
8. Schijf van 5 (Guideline),-49.6042981002808,-5.999528950727884,-48.2076320527787,-6.466805276543608,12.2919128204334,24.59077741213215,24.05699491934304,0.0,8.701527756634187
9. Mediterranean Diet,-63.862871332057544,-16.102193548403346,-62.333091026666295,-16.614005317356227,3.932579566313726,17.403631479334592,16.81897493506487,-9.530858011993164,0.0
