Diet,Scope 1+2,Scope 3,Total
Monitor 2024,4475988.287334736,2736825.7496702177,7212814.037004954
Amsterdam Theoretical,660051.632521836,2640206.5300873443,3300258.1626091804
Metropolitan,978165.580018101,3912662.320072405,4890827.900090506
Metabolic Balance,662961.3294303652,2651845.317721462,3314806.647151827
Dutch Goal,546152.1074791804,2184608.4299167222,2730760.537395903
Amsterdam Goal,469567.9402449164,1878271.7609796661,2347839.7012245827
EAT-Lancet,472891.7663907929,1891567.0655631726,2364458.8319539656
Schijf van Vijf (50-50),628753.9724042641,2515015.889617057,3143769.8620213214
Mediterranean Diet,565744.8309737628,2262979.323895052,2828724.154868815
