Diet,Scope 1+2,Scope 3,Total
Monitor 2024 (Current),1749999.9999999998,2736825.7496702177,4486825.749670218
Amsterdam Theoretical,1750000.0000000002,2640206.5300873443,4390206.530087344
Metropolitan (High Risk),1749999.9999999995,3912662.320072405,5662662.320072405
Metabolic Balance,1750000.0,2651845.317721462,4401845.317721462
Dutch Goal (60:40),1750000.0000000002,2184608.4299167222,3934608.4299167227
Amsterdam Goal (70:30),1749999.9999999998,1878271.7609796661,3628271.760979666
EAT-Lancet (Planetary),1750000.0000000005,1891567.0655631726,3641567.065563173
Schijf van 5 (Guideline),1749999.9999999998,2515015.889617057,4265015.889617057
Mediterranean Diet,1750000.0,2262979.323895052,4012979.323895052
