Diet,Scope1+2_share_pct,Scope3_share_pct
Monitor 2024 (Current),62.05606112081803,37.94393887918198
Amsterdam Theoretical,19.999999999999996,80.0
Metropolitan (High Risk),19.999999999999996,80.0
Metabolic Balance,19.999999999999996,80.00000000000001
Dutch Goal (60:40),19.999999999999996,80.0
Amsterdam Goal (70:30),19.999999999999996,80.0
EAT-Lancet (Planetary),19.99999999999999,80.0
Schijf van 5 (Guideline),19.999999999999996,80.0
Mediterranean Diet,19.999999999999993,80.0
