Diet,Scope1+2_share_pct,Scope3_share_pct
Monitor 2024 (Current),39.00307472668456,60.99692527331544
Metropolitan (High Risk),30.904191369433864,69.09580863056613
Dutch Goal (60:40),44.47710696428919,55.52289303571081
Amsterdam Goal (70:30),48.23232975050039,51.76767024949961
EAT-Lancet (Planetary),48.05623426653439,51.94376573346561
Schijf van 5 (Guideline),41.03150012313617,58.96849987686383
Mediterranean Diet,43.60849779563345,56.39150220436655
