Diet,Scope1+2_share_pct,Scope3_share_pct
Monitor 2024,62.05606112081803,37.94393887918198
Metropolitan,20.0,80.0
Dutch Goal,19.999999999999996,80.0
Amsterdam Goal,19.999999999999996,80.0
EAT-Lancet,19.99999999999999,80.0
Schijf van Vijf (50-50),20.0,80.0
Mediterranean Diet,20.0,80.0
