Diet,Scope12_kton,Scope3_kton,Land_hectares,Water_m3,Total_Emissions_kton
1. Monitor 2024 (Current),4475988.287334736,2736825.7496702177,3300536763.2140255,88077377647.26193,7212814.037004954
2. Amsterdam Theoretical,660051.632521836,2640206.5300873443,3138644431.043721,71767796113.29196,3300258.1626091804
3. Metropolitan (High Risk),922878.5302820011,3691514.121128005,4287029421.3512893,73399258982.45927,4614392.651410006
4. Metabolic Balance,662961.3294303652,2651845.317721462,3214238746.535246,73727300006.60095,3314806.647151827
5. Dutch Goal (60:40),546152.1074791804,2184608.4299167222,2962425117.1939383,104115978307.97282,2730760.537395903
6. Amsterdam Goal (70:30),469567.9402449164,1878271.7609796661,2747596663.111193,107110279531.30548,2347839.7012245827
7. EAT-Lancet (Planetary),472891.7663907929,1891567.0655631726,2729256452.5611057,117250232174.46576,2364458.8319539656
8. Schijf van 5 (Guideline),622692.9865213364,2490771.946085346,3129890002.04605,98192255539.73587,3113464.932606682
9. Mediterranean Diet,568509.1834605678,2274036.733842272,3039350420.341124,105890043793.37498,2842545.9173028395
