Diet,Scope12_kton,Scope3_kton,Land_hectares,Water_m3,Total_Emissions_kton
Monitor 2024 (Current),1749999.9999999998,2736825.7496702177,3300536763.2140255,88077377647.26193,4486825.749670218
Amsterdam Theoretical,1750000.0000000002,2640206.5300873443,3138644431.043721,71767796113.29196,4390206.530087344
Metropolitan (High Risk),1749999.9999999995,3912662.320072405,4565664420.021289,76222271468.98428,5662662.320072405
Metabolic Balance,1750000.0,2651845.317721462,3214238746.535246,73727300006.60095,4401845.317721462
Dutch Goal (60:40),1750000.0000000002,2184608.4299167222,2962425117.1939383,104115978307.97282,3934608.4299167227
Amsterdam Goal (70:30),1749999.9999999998,1878271.7609796661,2747596663.111193,107110279531.30548,3628271.760979666
EAT-Lancet (Planetary),1750000.0000000005,1891567.0655631726,2729256452.5611057,117250232174.46576,3641567.065563173
Schijf van 5 (Guideline),1749999.9999999998,2515015.889617057,3162315848.005263,98380395441.54033,4265015.889617057
Mediterranean Diet,1750000.0,2262979.323895052,3025418670.407624,105748893169.04874,4012979.323895052
