Parameter,Emission_Change_kton,Absolute_Impact_kton,Baseline_Emissions_kton
Impact Factors (+10%),448682.5749670218,448682.5749670218,4486825.749670218
Impact Factors (-10%),-448682.5749670218,448682.5749670218,4486825.749670218
Diet Adherence (+20%),538419.0899604261,538419.0899604261,4486825.749670218
Diet Adherence (-20%),-538419.0899604261,538419.0899604261,4486825.749670218
Waste Rate (+3%),179473.02998680872,179473.02998680872,4486825.749670218
Waste Rate (-3%),-179473.02998680872,179473.02998680872,4486825.749670218
